id,common_name,botanical_name,growth_shape,growing_season_months,flowering_season_months,flower_color,foliage_color_spring,foliage_color_summer,foliage_color_fall,foliage_color_winter,sun_pref,water_pref,soil_pref,width_ft,height_ft,inflorescence,flower_count_hint,flower_zone,fruit_color,fruit_season_months,fruit_load,usda_symbol,usda_scientific_name_full,usda_growth_habit,usda_native_status,usda_growth_form,usda_shape_and_orientation,usda_foliage_texture,usda_foliage_porosity_summer,usda_foliage_porosity_winter,usda_leaf_retention,usda_flower_conspicuous,usda_fruit_conspicuous,usda_fall_conspicuous,usda_bloom_period,usda_active_growth_period,usda_fruit_seed_period_begin,usda_fruit_seed_period_end,usda_height_mature_ft,usda_shade_tolerance,usda_drought_tolerance,usda_moisture_use,usda_soil_coarse,usda_soil_medium,usda_soil_fine,usda_ph_min,usda_ph_max,blackland_prairie
boxelder,boxelder,Acer negundo,tree,3-8,3,#f1f1e2,,#5b7a4b,,,shade,medium,"sandy,loamy,clay",,60,,,,#6b5a4a,6-11,heavy,ACNE2,Acer negundo L.,Tree,CAN:N|L48:N,Multiple Stem,Erect,Coarse,Dense,Porous,No,No,Yes,Yes,Early Spring,Spring and Summer,Summer,Fall,60.0,Low,High,Medium,Yes,Yes,Yes,5.0,7.8,yes
red-maple,red maple,Acer rubrum,tree,3-8,3,#b3261e,,#5b7a4b,,,part-sun,high,"sandy,loamy,clay",,68,,,,#b3261e,3-5,heavy,ACRU,Acer rubrum L.,Tree,CAN:N|L48:N,Single Stem,Rounded,Medium,Dense,Porous,No,Yes,Yes,Yes,Early Spring,Spring and Summer,Spring,Spring,68.0,Medium,Medium,High,Yes,Yes,Yes,4.7,7.3,yes
common-yarrow,common yarrow,Achillea millefolium,mound,3-5,6,#f1f1e2,,#5b7a4b,,,part-sun,medium,loamy,,3,,,,#6b5a4a,6-8,moderate,ACMI2,Achillea millefolium L.,Forb/herb,AK:N|CAN:I|CAN:N|GL:N|HI:I|L48:I|L48:N|SPM:I|SPM:N,Rhizomatous,Erect,Fine,Porous,Porous,No,Yes,No,No,Early Summer,Spring,Summer,Summer,3.0,Medium,Medium,Medium,No,Yes,No,6.0,8.0,yes
western-yarrow,western yarrow,Achillea millefolium var. occidentalis,mound,3-5,5,#f1f1e2,,#5b7a4b,,,part-sun,medium,"sandy,loamy",,3,,,,#6b5a4a,6-11,moderate,ACMIO,Achillea millefolium L. var. occidentalis DC.,Forb/herb,AK:N|CAN:N|GL:N|L48:N|SPM:N,Rhizomatous,Erect,Fine,Porous,Porous,No,Yes,No,No,Late Spring,Spring,Summer,Fall,3.0,Medium,Medium,Medium,Yes,Yes,No,6.0,8.0,yes
big-bluestem,big bluestem,Andropogon gerardii,grass,6-8,6-8,#e8d24a,,#5b7a4b,,,full-sun,medium,"sandy,loamy,clay",,7,,,,#6b5a4a,6-11,moderate,ANGE,Andropogon gerardii Vitman,Graminoid,CAN:N|L48:N,Bunch,Erect,Medium,Dense,Porous,No,No,No,No,Summer,Summer,Summer,Fall,7.0,High,High,Medium,Yes,Yes,Yes,6.5,8.5,yes
bushy-bluestem,bushy bluestem,Andropogon glomeratus,grass,6-8,8,#f1f1e2,,#5b7a4b,,,full-sun,high,"sandy,loamy,clay",,6.3,,,,#6b5a4a,9-12,heavy,ANGL2,"Andropogon glomeratus (Walter) Britton, Sterns & Poggenb.",Graminoid,HI:I|L48:N|NAV:N|PR:N|VI:I,Bunch,Erect,Fine,Dense,Moderate,No,No,No,Yes,Late Summer,Summer,Fall,Winter,6.3,High,Low,High,Yes,Yes,Yes,5.0,6.3,yes
white-sagebrush,white sagebrush,Artemisia ludoviciana,mound,3-8,7,#f1f1e2,,,,,full-sun,medium,"sandy,loamy,clay",,3,,,,#f1f1e2,6-11,moderate,ARLU,Artemisia ludoviciana Nutt.,Forb/herb,CAN:N|L48:I|L48:N,Rhizomatous,Erect,Medium,Porous,Moderate,No,No,No,No,Mid Summer,Spring and Summer,Summer,Fall,3.0,High,Medium,Medium,Yes,Yes,Yes,6.0,9.0,yes
giant-cane,giant cane,Arundinaria gigantea,grass,3-5,,,,,,,full-sun,medium,"sandy,loamy,clay",,25,,,,,,,ARGI,Arundinaria gigantea (Walter) Muhl.,Graminoid,L48:N,Rhizomatous,Erect,Medium,Dense,Dense,No,No,No,Yes,,Spring,,,25.0,High,Medium,Medium,Yes,Yes,Yes,5.0,6.9,yes
butterfly-milkweed,butterfly milkweed,Asclepias tuberosa,mound,3-8,7,#d98a3d,,#5b7a4b,,,full-sun,low,"sandy,loamy",,2,,,,#6b5a4a,6-11,moderate,ASTU,Asclepias tuberosa L.,Forb/herb,CAN:N|L48:N,Multiple Stem,Erect,Coarse,Moderate,Porous,No,Yes,Yes,No,Mid Summer,Spring and Summer,Summer,Fall,2.0,High,High,Low,Yes,Yes,No,4.8,6.8,yes
lyreleaf-greeneyes,lyreleaf greeneyes,Berlandiera lyrata,mound,3-8,4,#e8d24a,,#5b7a4b,,,full-sun,low,"loamy,clay",,4,,,,#6b5a4a,6-8,light,BELY,Berlandiera lyrata Benth.,Forb/herb,L48:N,Single Crown,Erect,Medium,Porous,Porous,No,Yes,No,No,Mid Spring,Spring and Summer,Summer,Summer,4.0,High,Medium,Low,No,Yes,Yes,6.5,9.5,yes
sideoats-grama,sideoats grama,Bouteloua curtipendula,grass,6-8,7,#e8d24a,,#5b7a4b,,,full-sun,medium,"sandy,loamy,clay",,3,,,,#6b5a4a,6-11,moderate,BOCU,Bouteloua curtipendula (Michx.) Torr.,Graminoid,CAN:N|HI:I|L48:N,Rhizomatous,Erect,Medium,Moderate,Porous,No,No,No,No,Mid Summer,Summer,Summer,Fall,3.0,High,Medium,Medium,Yes,Yes,Yes,6.0,8.5,yes
buffalograss,buffalograss,Bouteloua dactyloides,grass,6-8,7,#e8d24a,,,,,full-sun,medium,"loamy,clay",,0.5,,,,#6b5a4a,6-8,moderate,BODA2,Bouteloua dactyloides (Nutt.) J.T. Columbus,Graminoid,CAN:N|L48:N,Stoloniferous,Decumbent,Fine,Porous,Porous,No,No,No,No,Mid Summer,Summer,Summer,Summer,0.5,High,High,Medium,No,Yes,Yes,6.5,8.0,yes
blue-grama,blue grama,Bouteloua gracilis,grass,6-11,7,#e8d24a,,#5b7a4b,,,full-sun,medium,"sandy,loamy,clay",,1,,,,#6b5a4a,6-8,moderate,BOGR2,Bouteloua gracilis (Willd. ex Kunth) Lag. ex Griffiths,Graminoid,CAN:N|L48:N,Colonizing,Erect,Medium,Porous,Porous,No,No,No,No,Mid Summer,Summer and Fall,Summer,Summer,1.0,High,High,Medium,Yes,Yes,Yes,6.6,8.4,yes
trumpet-creeper,trumpet creeper,Campsis radicans,low-climber,3-8,6-8,#b3261e,,#5b7a4b,,,full-sun,low,"sandy,loamy",,2,,,,#6b5a4a,6-11,heavy,CARA2,Campsis radicans (L.) Seem. ex Bureau,Vine,CAN:N|L48:N,Single Crown,Climbing,Coarse,Moderate,Porous,No,Yes,Yes,Yes,Summer,Spring and Summer,Summer,Fall,2.0,High,High,Low,Yes,Yes,No,4.9,6.8,yes
pecan,pecan,Carya illinoinensis,tree,3-8,3,#e8d24a,,,,,full-sun,high,"sandy,loamy,clay",,120,,,,#6b5a4a,6-11,heavy,CAIL2,Carya illinoinensis (Wangenh.) K. Koch,Tree,L48:N,Single Stem,Erect,Fine,Dense,Porous,No,No,Yes,No,Early Spring,Spring and Summer,Summer,Fall,120.0,High,Low,High,Yes,Yes,Yes,4.5,7.5,yes
sugarberry,sugarberry,Celtis laevigata,vase,3-8,3,#5b7a4b,,#5b7a4b,,,shade,high,"loamy,clay",,80,,,,#d98a3d,6-11,heavy,CELA,Celtis laevigata Willd.,Shrub,L48:N,Single Stem,Erect,Medium,Moderate,Porous,No,No,No,Yes,Early Spring,Spring and Summer,Summer,Fall,80.0,Low,Low,High,No,Yes,Yes,4.4,7.7,yes
eastern-redbud,eastern redbud,Cercis canadensis,vase,3-8,3-5,#8f6fb3,,#5b7a4b,,,shade,low,"loamy,clay",,30,,,,#6b5a4a,3-8,moderate,CECA4,Cercis canadensis L.,Shrub,CAN:N|L48:N,Multiple Stem,Erect,Coarse,Moderate,Porous,No,Yes,Yes,No,Spring,Spring and Summer,Spring,Summer,30.0,Low,High,Low,No,Yes,Yes,5.0,7.9,yes
texas-redbud,Texas redbud,Cercis canadensis var. texensis,vase,3-5,3,#b3261e,,,,,shade,low,"loamy,clay",,12,,,,#6b5a4a,6-11,heavy,CECAT,Cercis canadensis L. var. texensis (S. Watson) M. Hopkins,Shrub,L48:N,Multiple Stem,Rounded,Fine,Moderate,Porous,No,Yes,Yes,No,Early Spring,Spring,Summer,Fall,12.0,Low,High,Low,No,Yes,Yes,6.0,8.0,yes
desert-willow,desert willow,Chilopsis linearis,vase,3-11,4,#8f6fb3,,,,,part-sun,low,"sandy,loamy",,25,,,,#6b5a4a,6-11,moderate,CHLI2,Chilopsis linearis (Cav.) Sweet,Shrub,L48:N,Multiple Stem,Erect,Medium,Moderate,Porous,No,Yes,Yes,No,Mid Spring,"Spring, Summer, Fall",Summer,Fall,25.0,Medium,High,Low,Yes,Yes,No,7.0,8.5,yes
lanceleaf-tickseed,lanceleaf tickseed,Coreopsis lanceolata,mound,3-8,8,#e8d24a,,#5b7a4b,,,full-sun,medium,"loamy,clay",,2,,,,#3a3a34,9-11,heavy,COLA5,Coreopsis lanceolata L.,Forb/herb,CAN:N|HI:I|L48:N|PB:I,Single Crown,Erect,Medium,Dense,Porous,No,Yes,Yes,Yes,Late Summer,Spring and Summer,Fall,Fall,2.0,High,Low,Medium,No,Yes,Yes,6.0,7.0,yes
roughleaf-dogwood,roughleaf dogwood,Cornus drummondii,vase,3-8,4,#f1f1e2,,#5b7a4b,,,part-sun,low,"loamy,clay",,20,,,,#f1f1e2,6-11,moderate,CODR,Cornus drummondii C.A. Mey.,Shrub,CAN:N|L48:N,Multiple Stem,Erect,Medium,Dense,Porous,No,Yes,Yes,Yes,Mid Spring,Spring and Summer,Summer,Fall,20.0,Medium,Low,Low,No,Yes,Yes,4.5,7.5,yes
common-sotol,common sotol,Dasylirion wheeleri,vase,3-8,4,#f1f1e2,,,,,full-sun,low,"sandy,loamy",,15,,,,#6b5a4a,6-8,light,DAWH2,Dasylirion wheeleri S. Watson,Shrub,L48:N,Single Crown,Semi-Erect,Coarse,Porous,Porous,Yes,Yes,No,Yes,Mid Spring,Spring and Summer,Summer,Summer,15.0,High,High,Low,Yes,Yes,No,6.6,9.0,no
eastern-purple-coneflower,eastern purple coneflower,Echinacea purpurea,mound,3-8,6,#8f6fb3,,#5b7a4b,,,full-sun,medium,"sandy,loamy,clay",,1.2,,,,#3a3a34,6-11,moderate,ECPU,Echinacea purpurea (L.) Moench,Forb/herb,CAN:I|L48:N,Single Stem,Erect,Fine,Porous,Porous,No,Yes,No,No,Early Summer,Spring and Summer,Summer,Fall,1.2,High,Low,Medium,Yes,Yes,Yes,6.5,7.2,no
canada-wildrye,Canada wildrye,Elymus canadensis,grass,3-11,5,#e8d24a,,#5b7a4b,,,shade,medium,"sandy,loamy,clay",,3,,,,#6b5a4a,3-8,moderate,ELCA4,Elymus canadensis L.,Graminoid,CAN:N|L48:N,Bunch,Erect,Coarse,Porous,Porous,No,No,No,No,Late Spring,"Spring, Summer, Fall",Spring,Summer,3.0,Low,Medium,Medium,Yes,Yes,Yes,5.0,7.9,yes
engelmann-s-daisy,Engelmann's daisy,Engelmannia peristenia,mound,"3,4,5,9,10,11",3-5,#d98a3d,,#5b7a4b,,,full-sun,medium,"loamy,clay",,4,,,,#6b5a4a,3-8,light,ENPE4,Engelmannia peristenia (Raf.) Goodman & C.A. Lawson,Forb/herb,L48:N,Bunch,Erect,Coarse,Moderate,Porous,No,No,No,Yes,Spring,Spring and Fall,Spring,Summer,4.0,High,Medium,Medium,No,Yes,Yes,6.5,7.5,yes
stretchberry,stretchberry,Forestiera pubescens var. pubescens,vase,3-8,3,#e8d24a,,,,,full-sun,medium,"sandy,loamy,clay",,6,,,,#3a3a34,6-8,moderate,FOPUP,Forestiera pubescens Nutt. var. pubescens,Shrub,L48:N,Bunch,Irregular,Fine,Moderate,Porous,No,No,Yes,Yes,Early Spring,Spring and Summer,Summer,Summer,6.0,High,Medium,Medium,Yes,Yes,Yes,7.0,8.5,yes
carolina-buckthorn,Carolina buckthorn,Frangula caroliniana,vase,,5,#e8d24a,,#5b7a4b,,,shade,low,"sandy,loamy,clay",,20,,,,#3a3a34,6-11,,FRCA13,Frangula caroliniana (Walter) A. Gray,Shrub,L48:N,Single Crown,Erect,Coarse,Moderate,Porous,No,No,No,No,Late Spring,,Summer,Fall,20.0,Low,Low,,Yes,Yes,Yes,6.0,7.5,yes
indian-blanket,Indian blanket,Gaillardia pulchella,mound,3-11,,#e8d24a,,#5b7a4b,,,full-sun,medium,"sandy,loamy,clay",,2,,,,#3a3a34,6-11,heavy,GAPU,Gaillardia pulchella Foug.,Forb/herb,AK:I|CAN:I|HI:I|L48:N|PB:I,Single Crown,Decumbent,Coarse,Dense,Porous,No,Yes,No,No,Indeterminate,"Spring, Summer, Fall",Summer,Fall,2.0,High,High,Medium,Yes,Yes,Yes,7.0,8.5,yes
white-avens,white avens,Geum canadense,mound,3-5,3-5,#f1f1e2,,#5b7a4b,,,shade,medium,"sandy,loamy,clay",,3.9,,,,#6b5a4a,6-11,light,GECA7,Geum canadense Jacq.,Forb/herb,CAN:N|L48:N,Single Stem,Erect,Medium,Porous,Porous,No,No,No,No,Spring,Spring,Summer,Fall,3.9,Low,Low,Medium,Yes,Yes,Yes,4.5,7.5,yes
maximilian-sunflower,Maximilian sunflower,Helianthus maximiliani,mound,6-11,8,#e8d24a,,#5b7a4b,,,full-sun,medium,"sandy,loamy,clay",,5,,,,#6b5a4a,6-11,heavy,HEMA2,Helianthus maximiliani Schrad.,Forb/herb,CAN:N|L48:N,Rhizomatous,Erect,Coarse,Moderate,Porous,No,Yes,No,No,Late Summer,Summer and Fall,Summer,Fall,5.0,High,Medium,Medium,Yes,Yes,Yes,6.0,8.0,yes
possumhaw,possumhaw,Ilex decidua,vase,3-8,3-5,#e8d24a,,,,,shade,medium,"sandy,loamy,clay",,33,,,,#b3261e,6-11,heavy,ILDE,Ilex decidua Walter,Shrub,L48:N,Multiple Stem,Erect,Medium,Dense,Moderate,No,No,Yes,No,Spring,Spring and Summer,Summer,Fall,33.0,Low,Medium,Medium,Yes,Yes,Yes,3.5,6.5,yes
eastern-redcedar,eastern redcedar,Juniperus virginiana,tree,3-8,5,#5b7a4b,,#5b7a4b,,,part-sun,low,"sandy,loamy,clay",,50,,,,#f1f1e2,6-11,moderate,JUVI,Juniperus virginiana L.,Tree,CAN:N|L48:N,Single Stem,Conical,Medium,Dense,Dense,No,No,Yes,No,Late Spring,Spring and Summer,Summer,Fall,50.0,Medium,High,Low,Yes,Yes,Yes,4.7,8.0,yes
dotted-blazing-star,dotted blazing star,Liatris punctata,mound,6-8,7,#8f6fb3,,#5b7a4b,,,full-sun,medium,"sandy,loamy,clay",,2,,,,#6b5a4a,6-11,light,LIPU,Liatris punctata Hook.,Forb/herb,CAN:N|L48:N,Multiple Stem,Erect,Coarse,Moderate,Porous,No,Yes,No,No,Mid Summer,Summer,Summer,Fall,2.0,High,High,Medium,Yes,Yes,Yes,6.0,7.8,yes
prairie-blazing-star,prairie blazing star,Liatris pycnostachya,mound,6-8,7,#8f6fb3,,#5b7a4b,,,full-sun,medium,"sandy,loamy,clay",,3.5,,,,#6b5a4a,6-11,moderate,LIPY,Liatris pycnostachya Michx.,Forb/herb,L48:N,Multiple Stem,Erect,Coarse,Moderate,Porous,No,Yes,No,No,Mid Summer,Summer,Summer,Fall,3.5,High,Medium,Medium,Yes,Yes,Yes,6.0,8.5,yes
southern-magnolia,southern magnolia,Magnolia grandiflora,tree,3-8,4,#f1f1e2,,#5b7a4b,,,shade,high,"loamy,clay",,100,,,,#b3261e,6-8,moderate,MAGR4,Magnolia grandiflora L.,Tree,L48:N|PR:I,Single Stem,Rounded,Coarse,Dense,Dense,Yes,Yes,Yes,Yes,Mid Spring,Spring and Summer,Summer,Summer,100.0,Low,Low,High,No,Yes,Yes,4.5,6.5,yes
wax-myrtle,wax myrtle,Morella cerifera,vase,3-8,3-5,#f1f1e2,,#5b7a4b,,,full-sun,high,"sandy,loamy,clay",,10,,,,#5b7ea3,6-11,heavy,MOCE2,Morella cerifera (L.) Small,Shrub,HI:I|L48:N|PR:N,Rhizomatous,Erect,Coarse,,Moderate,Yes,No,Yes,No,Spring,Spring and Summer,Summer,Fall,10.0,High,Medium,High,Yes,Yes,Yes,5.4,9.1,yes
hairawn-muhly,hairawn muhly,Muhlenbergia capillaris,grass,3-8,9-11,#b3261e,,,,,full-sun,high,"sandy,loamy,clay",,3,,,,#8f6fb3,9-12,heavy,MUCA2,Muhlenbergia capillaris (Lam.) Trin.,Graminoid,L48:N|PR:N,Bunch,Erect,Fine,Dense,Moderate,No,No,No,Yes,Fall,Spring and Summer,Fall,Winter,3.0,High,Low,High,Yes,Yes,Yes,5.8,6.8,yes
switchgrass,switchgrass,Panicum virgatum,grass,6-8,7,#e8d24a,,#5b7a4b,,,full-sun,medium,"sandy,loamy,clay",,6,,,,#6b5a4a,6-11,moderate,PAVI2,Panicum virgatum L.,Graminoid,CAN:N|HI:I|L48:N,Rhizomatous,Erect,Medium,Dense,Porous,No,No,No,No,Mid Summer,Summer,Summer,Fall,6.0,High,Medium,Medium,Yes,Yes,Yes,4.5,8.0,yes
turkey-tangle-fogfruit,turkey tangle fogfruit,Phyla nodiflora,mound,6-8,,#f1f1e2,,#5b7a4b,,,part-sun,low,"sandy,loamy,clay",,0.2,,,,,3-11,moderate,PHNO2,Phyla nodiflora (L.) Greene,Forb/herb,HI:I|L48:N|PB:I|PR:N|VI:N,Stoloniferous,Prostrate,Medium,Porous,Porous,No,No,No,No,Indeterminate,Summer,Spring,Fall,0.2,Medium,Medium,Low,Yes,Yes,Yes,6.0,8.5,yes
honey-mesquite,honey mesquite,Prosopis glandulosa var. glandulosa,vase,3-8,3,#e8d24a,,#5b7a4b,,,full-sun,low,"sandy,loamy,clay",,50,,,,#f1f1e2,6-8,heavy,PRGLG,Prosopis glandulosa Torr. var. glandulosa,Shrub,HI:I|L48:N|VI:I,Multiple Stem,Rounded,Fine,Porous,Porous,No,Yes,Yes,No,Early Spring,Spring and Summer,Summer,Summer,50.0,High,High,Low,Yes,Yes,Yes,7.0,8.5,yes
common-hoptree,common hoptree,Ptelea trifoliata,vase,3-8,6,#e8d24a,,#5b7a4b,,,part-sun,high,"sandy,loamy",,25,,,,#b3261e,6-8,heavy,PTTR,Ptelea trifoliata L.,Shrub,CAN:N|L48:N,Single Stem,Erect,Medium,Moderate,Porous,Yes,No,No,Yes,Early Summer,Spring and Summer,Summer,Summer,25.0,Medium,Low,High,Yes,Yes,No,4.8,7.0,yes
bur-oak,bur oak,Quercus macrocarpa,vase,3-8,4,#e8d24a,,#5b7a4b,,,part-sun,medium,"sandy,loamy,clay",,100,,,,#6b5a4a,6-11,light,QUMA2,Quercus macrocarpa Michx.,Shrub,CAN:N|L48:N,Single Stem,Erect,Medium,Dense,Porous,No,No,Yes,Yes,Mid Spring,Spring and Summer,Summer,Fall,100.0,Medium,High,Medium,Yes,Yes,Yes,4.5,7.5,yes
blackjack-oak,blackjack oak,Quercus marilandica,vase,3-8,4,#e8d24a,,,,,full-sun,low,"sandy,loamy",,25,,,,#6b5a4a,9-11,moderate,QUMA3,Quercus marilandica Münchh.,Shrub,L48:N,Single Stem,Erect,Coarse,Moderate,Porous,No,No,No,Yes,Mid Spring,Spring and Summer,Fall,Fall,25.0,High,High,Low,Yes,Yes,No,4.6,5.6,yes
shumard-s-oak,Shumard's oak,Quercus shumardii,vase,3-8,3,#e8d24a,,#5b7a4b,,,full-sun,medium,"sandy,loamy",,100,,,,#6b5a4a,3-11,moderate,QUSH,Quercus shumardii Buckley,Shrub,CAN:N|L48:N,Single Stem,Erect,Medium,Dense,Porous,No,No,Yes,Yes,Early Spring,Spring and Summer,Spring,Fall,100.0,High,High,Medium,Yes,Yes,No,5.0,7.6,yes
post-oak,post oak,Quercus stellata,tree,3-8,3,#e8d24a,,#5b7a4b,,,full-sun,medium,"sandy,loamy",,60,,,,#6b5a4a,6-11,moderate,QUST,Quercus stellata Wangenh.,Tree,L48:N,Single Stem,Erect,Coarse,Dense,Porous,No,No,No,Yes,Early Spring,Spring and Summer,Summer,Fall,60.0,High,High,Medium,Yes,Yes,No,4.8,6.5,yes
live-oak,live oak,Quercus virginiana,tree,3-8,3,#e8d24a,,#5b7a4b,,,part-sun,medium,"sandy,loamy,clay",,50,,,,#6b5a4a,3-11,,QUVI,Quercus virginiana Mill.,Tree,L48:N,Single Stem,Rounded,Medium,Moderate,Porous,Yes,No,Yes,No,Early Spring,Spring and Summer,Spring,Fall,50.0,Medium,Medium,Medium,Yes,Yes,Yes,4.5,7.3,yes
upright-prairie-coneflower,upright prairie coneflower,Ratibida columnifera,mound,6-8,7,#e8d24a,,#5b7a4b,,,full-sun,medium,"sandy,loamy,clay",,3.1,,,,#6b5a4a,6-11,moderate,RACO3,Ratibida columnifera (Nutt.) Wooton & Standl.,Forb/herb,CAN:N|L48:N,Single Crown,Erect,Medium,Porous,Porous,No,Yes,Yes,No,Mid Summer,Summer,Summer,Fall,3.1,High,Medium,Medium,Yes,Yes,Yes,5.9,7.0,yes
fragrant-sumac-rhars,fragrant sumac,Rhus aromatica var. serotina,vase,3-8,4,#e8d24a,,#5b7a4b,,,full-sun,low,"sandy,loamy,clay",,5,,,,#b3261e,6-11,moderate,RHARS,Rhus aromatica Aiton var. serotina (Greene) Rehder,Shrub,L48:N,Multiple Stem,Rounded,Coarse,Moderate,Porous,No,No,Yes,Yes,Mid Spring,Spring and Summer,Summer,Fall,5.0,High,High,Low,Yes,Yes,Yes,5.0,8.0,yes
smooth-sumac,smooth sumac,Rhus glabra,vase,3-8,4,#e8d24a,,#5b7a4b,,,full-sun,low,"sandy,loamy",,12,,,,#6b5a4a,6-11,heavy,RHGL,Rhus glabra L.,Shrub,CAN:N|L48:N,Rhizomatous,Erect,Coarse,Dense,Porous,No,No,Yes,Yes,Mid Spring,Spring and Summer,Summer,Fall,12.0,High,Medium,Low,Yes,Yes,No,5.3,7.5,yes
skunkbush-sumac,skunkbush sumac,Rhus trilobata,vase,3-8,6,#e8d24a,,#5b7a4b,,,part-sun,low,"sandy,loamy",,4,,,,#b3261e,6-8,moderate,RHTR,Rhus trilobata Nutt.,Shrub,CAN:N|L48:N,Rhizomatous,Vase,Medium,Dense,Porous,No,Yes,Yes,Yes,Early Summer,Spring and Summer,Summer,Summer,4.0,Medium,Medium,Low,Yes,Yes,No,6.5,8.2,yes
climbing-rose,climbing rose,Rosa setigera,mound,3-5,3-5,#f1f1e2,,,,,full-sun,low,"sandy,loamy",,16,,,,#b3261e,6-11,moderate,ROSE2,Rosa setigera Michx.,Subshrub,CAN:N|L48:N,Single Stem,Climbing,Fine,Moderate,Porous,No,Yes,Yes,No,Spring,Spring,Summer,Fall,16.0,High,High,Low,Yes,Yes,No,5.0,7.5,yes
blackeyed-susan,blackeyed Susan,Rudbeckia hirta,mound,"1,2,3,4,5,9,10,11,12",6-8,#d98a3d,,#5b7a4b,,,full-sun,medium,"loamy,clay",,1,,,,#6b5a4a,6-8,heavy,RUHI2,Rudbeckia hirta L.,Forb/herb,AK:I|CAN:N|L48:N,Single Stem,Semi-Erect,Coarse,Porous,Porous,No,Yes,No,No,Summer,"Fall, Winter and Spring",Summer,Summer,1.0,High,Medium,Medium,No,Yes,Yes,6.0,7.0,yes
pitcher-sage,pitcher sage,Salvia azurea var. grandiflora,mound,3-8,3-5,#5b7ea3,,#5b7a4b,,,full-sun,medium,"loamy,clay",,3,,,,#6b5a4a,6-11,moderate,SAAZG,Salvia azurea Michx. ex Lam. var. grandiflora Benth.,Forb/herb,L48:N,Single Stem,Erect,Medium,Moderate,Porous,No,Yes,No,No,Spring,Spring and Summer,Summer,Fall,3.0,High,Low,Medium,No,Yes,Yes,6.0,8.0,yes
little-bluestem-scsc,little bluestem,Schizachyrium scoparium,grass,6-11,6-8,#e8d24a,,#5b7a4b,,,full-sun,low,"sandy,loamy,clay",,3.5,,,,#6b5a4a,6-11,moderate,SCSC,Schizachyrium scoparium (Michx.) Nash,Graminoid,CAN:N|HI:I|L48:N,Bunch,Erect,Medium,Moderate,Porous,No,No,No,No,Summer,Summer and Fall,Summer,Fall,3.5,High,High,Low,Yes,Yes,Yes,5.6,8.4,yes
mescal-bean,mescal bean,Sophora secundiflora,vase,3-8,3,#8f6fb3,,#5b7a4b,,,full-sun,medium,"loamy,clay",,15,,,,#3a3a34,3-8,moderate,SOSE3,Sophora secundiflora (Ortega) Lag. ex DC.,Shrub,L48:N,Multiple Stem,Semi-Erect,Medium,Dense,Dense,Yes,Yes,No,Yes,Early Spring,Spring and Summer,Spring,Summer,15.0,High,Medium,Medium,No,Yes,Yes,6.0,9.5,no
indiangrass,Indiangrass,Sorghastrum nutans,grass,6-11,4,#e8d24a,,#5b7a4b,,,full-sun,medium,"sandy,loamy,clay",,6.5,,,,#6b5a4a,6-11,moderate,SONU2,Sorghastrum nutans (L.) Nash,Graminoid,CAN:N|L48:N,Bunch,Erect,Medium,Dense,Porous,No,No,No,No,Mid Spring,Summer and Fall,Summer,Fall,6.5,High,Medium,Medium,Yes,Yes,Yes,5.0,8.0,yes
bald-cypress,bald cypress,Taxodium distichum,tree,3-8,4,#8f6fb3,,#5b7a4b,,,part-sun,high,"sandy,loamy,clay",,130,,,,#6b5a4a,6-11,light,TADI2,Taxodium distichum (L.) Rich.,Tree,L48:N,Single Stem,Conical,Fine,Dense,Moderate,No,No,No,Yes,Mid Spring,Spring and Summer,Summer,Fall,130.0,Medium,Low,High,Yes,Yes,Yes,4.5,6.0,yes
eastern-gamagrass,eastern gamagrass,Tripsacum dactyloides,grass,3-8,5,#e8d24a,,#5b7a4b,,,full-sun,medium,"sandy,loamy,clay",,6,,,,#6b5a4a,6-8,light,TRDA3,Tripsacum dactyloides (L.) L.,Graminoid,L48:N,Bunch,Erect,Medium,Dense,Moderate,No,No,No,No,Late Spring,Spring and Summer,Summer,Summer,6.0,High,Medium,Medium,Yes,Yes,Yes,5.7,7.5,yes
american-elm,American elm,Ulmus americana,tree,3-8,3,#5b7a4b,,#5b7a4b,,,part-sun,high,"sandy,loamy,clay",,120,,,,#6b5a4a,3-5,heavy,ULAM,Ulmus americana L.,Tree,CAN:N|L48:N,Single Stem,Erect,Coarse,Dense,Porous,No,No,No,Yes,Early Spring,Spring and Summer,Spring,Spring,120.0,Medium,Medium,High,Yes,Yes,Yes,5.0,8.0,yes
cedar-elm,cedar elm,Ulmus crassifolia,tree,3-8,8,#5b7a4b,,#5b7a4b,,,part-sun,medium,"sandy,loamy,clay",,90,,,,#6b5a4a,6-11,heavy,ULCR,Ulmus crassifolia Nutt.,Tree,L48:N,Single Stem,Erect,Medium,Dense,Porous,No,No,No,Yes,Late Summer,Spring and Summer,Summer,Fall,90.0,Medium,Medium,Medium,Yes,Yes,Yes,5.0,8.1,yes
american-wisteria,American wisteria,Wisteria frutescens,low-climber,3-5,3-5,#8f6fb3,,#5b7a4b,,,shade,medium,"sandy,loamy,clay",,50,,,,#6b5a4a,6-8,moderate,WIFR,Wisteria frutescens (L.) Poir.,Vine,L48:N,Multiple Stem,Climbing,Medium,Dense,Moderate,No,Yes,No,No,Spring,Spring,Summer,Summer,50.0,Low,Low,Medium,Yes,Yes,Yes,4.0,7.0,no
