genus,fnct_treated,fnct_page,fnct_heading,fnct_dallas_record,fnct_dallas_evidence,fnct_volume,corpus_mentions,source
Abies,no,,,,,,1,"Diggs, Lipscomb & O'Kennon 1999, Shinners & Mahler's Illustrated Flora of North Central Texas"
Acacia,yes,622,ACACIA,no,,FNCT_0618-1076-Fab-Zygo.txt,31,"Diggs, Lipscomb & O'Kennon 1999, Shinners & Mahler's Illustrated Flora of North Central Texas"
Acer,yes,219,ACER MAPLE,no,,FNCT_0210-0617-Acanth-Euph.txt,19,"Diggs, Lipscomb & O'Kennon 1999, Shinners & Mahler's Illustrated Flora of North Central Texas"
Alnus,yes,439,ALNUS ALDER,no,,FNCT_0210-0617-Acanth-Euph.txt,7,"Diggs, Lipscomb & O'Kennon 1999, Shinners & Mahler's Illustrated Flora of North Central Texas"
Amaranthus,yes,222,"AMARANTHUS GREEN PIGWEED, AMARANTH",yes,"Marshy places; Dallas, Denton, and Ellis cos.; central TX nw to nc TX.",FNCT_0210-0617-Acanth-Euph.txt,32,"Diggs, Lipscomb & O'Kennon 1999, Shinners & Mahler's Illustrated Flora of North Central Texas"
Ambrosia,yes,309,AMBROSIA RAGWEED,yes,"on w margin of nc TX, disjunct e to Dallas Co.",FNCT_0210-0617-Acanth-Euph.txt,21,"Diggs, Lipscomb & O'Kennon 1999, Shinners & Mahler's Illustrated Flora of North Central Texas"
Amelanchier,yes,938,AMELANCHIER,no,,FNCT_0618-1076-Fab-Zygo.txt,4,"Diggs, Lipscomb & O'Kennon 1999, Shinners & Mahler's Illustrated Flora of North Central Texas"
Amorpha,yes,624,AMORPHA,no,,FNCT_0618-1076-Fab-Zygo.txt,12,"Diggs, Lipscomb & O'Kennon 1999, Shinners & Mahler's Illustrated Flora of North Central Texas"
Apocynum,yes,266,"APOCYNUM DOGBANE, INDIAN-HEMP",no,,FNCT_0210-0617-Acanth-Euph.txt,7,"Diggs, Lipscomb & O'Kennon 1999, Shinners & Mahler's Illustrated Flora of North Central Texas"
Aristolochia,yes,272,"ARISTOLOCHIA PIPEVINE, BIRTHWORT, TACOPATE",yes,"Thickets and woods, sandy or silty soils, frequent, but not often found in flower; Denton, Grayson, Hood, Somervell, Tar- rant, and Wise cos., also Dallas Co.",FNCT_0210-0617-Acanth-Euph.txt,13,"Diggs, Lipscomb & O'Kennon 1999, Shinners & Mahler's Illustrated Flora of North Central Texas"
Artemisia,yes,314,"ARTEMISIA SAGEBRUSH, WORMWOOD, SAGEWORT, SAGE, MUGWORT",no,,FNCT_0210-0617-Acanth-Euph.txt,17,"Diggs, Lipscomb & O'Kennon 1999, Shinners & Mahler's Illustrated Flora of North Central Texas"
Asclepias,yes,276,"ASCLEPIAS MILKWEED, SILKWEED",yes,"Follicles pendulous; seeds naked, without a coma; leaf blades narrowly lanceolate to lanceolate, to 15(–20) mm wide; mostly in low swampy areas in se and e TX, in nc TX known only from Dallas Co.",FNCT_0210-0617-Acanth-Euph.txt,39,"Diggs, Lipscomb & O'Kennon 1999, Shinners & Mahler's Illustrated Flora of North Central Texas"
Aster,yes,315,ASTER,yes,"Dallas Co., also Tarrant Co.",FNCT_0210-0617-Acanth-Euph.txt,72,"Diggs, Lipscomb & O'Kennon 1999, Shinners & Mahler's Illustrated Flora of North Central Texas"
Astragalus,yes,628,"ASTRAGALUS LOCOWEED, MILK-VETCH",yes,"Rocky or sandy thickets; Cooke, Dallas, and Grayson cos., also Lamar Co.",FNCT_0618-1076-Fab-Zygo.txt,40,"Diggs, Lipscomb & O'Kennon 1999, Shinners & Mahler's Illustrated Flora of North Central Texas"
Baccharis,yes,322,BACCHARIS GROUNDSELTREE,yes,"Wet fields, edges of swamps and marshes, along creeks in woods; Dallas, Fannin, Henderson, and Lamar cos., also Hopkins Co.",FNCT_0210-0617-Acanth-Euph.txt,15,"Diggs, Lipscomb & O'Kennon 1999, Shinners & Mahler's Illustrated Flora of North Central Texas"
Baileya,no,,,,,,1,"Diggs, Lipscomb & O'Kennon 1999, Shinners & Mahler's Illustrated Flora of North Central Texas"
Baptisia,yes,62,BAPTISIA BRACTEATA VAR.,no,,FNCT_0001-0108-FrontMatter-Intro.txt,34,"Diggs, Lipscomb & O'Kennon 1999, Shinners & Mahler's Illustrated Flora of North Central Texas"
Betula,yes,439,BETULA BIRCH,no,,FNCT_0210-0617-Acanth-Euph.txt,6,"Diggs, Lipscomb & O'Kennon 1999, Shinners & Mahler's Illustrated Flora of North Central Texas"
Bidens,yes,325,"BIDENS BEGGAR-TICKS, BUR-MARIGOLD, TICKSEED-SUNFLOWER",yes,"In moist soils; Bell, Dallas, Grayson, and Hopkins cos., also Tarrant Co.",FNCT_0210-0617-Acanth-Euph.txt,20,"Diggs, Lipscomb & O'Kennon 1999, Shinners & Mahler's Illustrated Flora of North Central Texas"
Bifora,yes,244,BIFORA,no,,FNCT_0210-0617-Acanth-Euph.txt,8,"Diggs, Lipscomb & O'Kennon 1999, Shinners & Mahler's Illustrated Flora of North Central Texas"
Bouteloua,yes,1247,BOUTELOUA GRAMA GRASS,no,,FNCT_1077-1352-Acor-Zanni.txt,31,"Diggs, Lipscomb & O'Kennon 1999, Shinners & Mahler's Illustrated Flora of North Central Texas"
Callirhoe,yes,807,"CALLIRHOE WINECUP, POPPY-MALLOW",yes,"Dallas, Denton, and Grayson cos.; throughout TX except Trans- Pecos.",FNCT_0618-1076-Fab-Zygo.txt,14,"Diggs, Lipscomb & O'Kennon 1999, Shinners & Mahler's Illustrated Flora of North Central Texas"
Campsis,yes,442,CAMPSIS TRUMPET-CREEPER,no,,FNCT_0210-0617-Acanth-Euph.txt,23,"Diggs, Lipscomb & O'Kennon 1999, Shinners & Mahler's Illustrated Flora of North Central Texas"
Canna,no,,,,,,1,"Diggs, Lipscomb & O'Kennon 1999, Shinners & Mahler's Illustrated Flora of North Central Texas"
Carex,yes,1109,CAREX CARIC SEDGE,yes,"Sandy or rocky woods, frequently on slopes in mixed pine-hardwood forests; Dallas, Delta, Hopkins, Lamar, and Red River cos.; also Post Oak Savan- nah and Pineywoods.",FNCT_1077-1352-Acor-Zanni.txt,111,"Diggs, Lipscomb & O'Kennon 1999, Shinners & Mahler's Illustrated Flora of North Central Texas"
Carya,yes,746,"CARYA HICKORY, PECAN",yes,"(Little 1971) on e margin of nc TX, also disjunct w to Dallas Co.",FNCT_0618-1076-Fab-Zygo.txt,39,"Diggs, Lipscomb & O'Kennon 1999, Shinners & Mahler's Illustrated Flora of North Central Texas"
Castanea,no,,,,,,5,"Diggs, Lipscomb & O'Kennon 1999, Shinners & Mahler's Illustrated Flora of North Central Texas"
Castilleja,yes,996,"CASTILLEJA INDIAN PAINTBRUSH, PAINTBRUSH, PAINTEDCUP",no,,FNCT_0618-1076-Fab-Zygo.txt,14,"Diggs, Lipscomb & O'Kennon 1999, Shinners & Mahler's Illustrated Flora of North Central Texas"
Ceanothus,yes,932,CEANOTHUS BUCKBUSH,no,,FNCT_0618-1076-Fab-Zygo.txt,15,"Diggs, Lipscomb & O'Kennon 1999, Shinners & Mahler's Illustrated Flora of North Central Texas"
Celtis,yes,1036,"CELTIS HACKBERRY, SUGARBERRY, NETTLE-TREE",no,,FNCT_0618-1076-Fab-Zygo.txt,16,"Diggs, Lipscomb & O'Kennon 1999, Shinners & Mahler's Illustrated Flora of North Central Texas"
Centrosema,yes,638,CENTROSEMA BUTTERFLY-PEA,no,,FNCT_0618-1076-Fab-Zygo.txt,8,"Diggs, Lipscomb & O'Kennon 1999, Shinners & Mahler's Illustrated Flora of North Central Texas"
Cephalanthus,yes,62,CEPHALANTHUS OCCIDENTALIS,no,,FNCT_0001-0108-FrontMatter-Intro.txt,10,"Diggs, Lipscomb & O'Kennon 1999, Shinners & Mahler's Illustrated Flora of North Central Texas"
Cercis,yes,640,CERCIS,yes,Gray] The National Champion TEXAS REDBUD (largest recorded in the U.S.) is located in Dallas Co.,FNCT_0618-1076-Fab-Zygo.txt,17,"Diggs, Lipscomb & O'Kennon 1999, Shinners & Mahler's Illustrated Flora of North Central Texas"
Chamaecrista,yes,640,CHAMAECRISTA SENNA,no,,FNCT_0618-1076-Fab-Zygo.txt,11,"Diggs, Lipscomb & O'Kennon 1999, Shinners & Mahler's Illustrated Flora of North Central Texas"
Chasmanthium,yes,1254,CHASMANTHIUM WOOD-OATS,no,,FNCT_1077-1352-Acor-Zanni.txt,14,"Diggs, Lipscomb & O'Kennon 1999, Shinners & Mahler's Illustrated Flora of North Central Texas"
Chenopodium,yes,532,"CHENOPODIUM LAMB’S-QUARTERS, GOOSEFOOT, PIGWEED",yes,"Around old home- steads and abandoned farms, disturbed areas; Denton Co., also Dallas and Grayson cos.",FNCT_0210-0617-Acanth-Euph.txt,32,"Diggs, Lipscomb & O'Kennon 1999, Shinners & Mahler's Illustrated Flora of North Central Texas"
Chilopsis,yes,443,"CHILOPSIS DESERT-WILLOW, MIMBRE",no,,FNCT_0210-0617-Acanth-Euph.txt,6,"Diggs, Lipscomb & O'Kennon 1999, Shinners & Mahler's Illustrated Flora of North Central Texas"
Chrysopsis,yes,334,CHRYSOPSIS GOLDEN-ASTER,no,,FNCT_0210-0617-Acanth-Euph.txt,10,"Diggs, Lipscomb & O'Kennon 1999, Shinners & Mahler's Illustrated Flora of North Central Texas"
Chrysothamnus,no,,,,,,0,"Diggs, Lipscomb & O'Kennon 1999, Shinners & Mahler's Illustrated Flora of North Central Texas"
Cirsium,yes,338,"CIRSIUM THISTLE, PLUMED THISTLE, TRUE THISTLE",no,,FNCT_0210-0617-Acanth-Euph.txt,24,"Diggs, Lipscomb & O'Kennon 1999, Shinners & Mahler's Illustrated Flora of North Central Texas"
Conyza,yes,340,CONYZA,yes,"Clay, Comanche, and Dallas cos., also Tarrant and Somervell cos.",FNCT_0210-0617-Acanth-Euph.txt,14,"Diggs, Lipscomb & O'Kennon 1999, Shinners & Mahler's Illustrated Flora of North Central Texas"
Coreopsis,yes,341,"COREOPSIS GOLDEN-WAVE, TICKSEED, COREOPSIS",yes,"Apparently planted and spreading along highways; Cooke, Dallas, Grayson, Tarrant, and Williamson cos., also Somervell Co.",FNCT_0210-0617-Acanth-Euph.txt,17,"Diggs, Lipscomb & O'Kennon 1999, Shinners & Mahler's Illustrated Flora of North Central Texas"
Cornus,yes,560,"CORNUS DOGWOOD, CORNEL",yes,Stillwell from one Dallas locality (Mahler 1988); common in sandy woods in e TX to the e of nc TX; mainly e and c TX.,FNCT_0210-0617-Acanth-Euph.txt,17,"Diggs, Lipscomb & O'Kennon 1999, Shinners & Mahler's Illustrated Flora of North Central Texas"
Corylus,no,,,,,,3,"Diggs, Lipscomb & O'Kennon 1999, Shinners & Mahler's Illustrated Flora of North Central Texas"
Crataegus,yes,940,"CRATAEGUS HAWTHORN, REDHAW, THORN, THORN-APPLE",yes,"brazoria Sarg.], known from Dallas and Ellis cos., will key to C.",FNCT_0618-1076-Fab-Zygo.txt,30,"Diggs, Lipscomb & O'Kennon 1999, Shinners & Mahler's Illustrated Flora of North Central Texas"
Croton,yes,598,CROTON,yes,"Dallas, Grayson, and Tarrant cos., also Denton (J.",FNCT_0210-0617-Acanth-Euph.txt,32,"Diggs, Lipscomb & O'Kennon 1999, Shinners & Mahler's Illustrated Flora of North Central Texas"
Crotonopsis,no,,,,,,3,"Diggs, Lipscomb & O'Kennon 1999, Shinners & Mahler's Illustrated Flora of North Central Texas"
Cynodon,yes,1259,CYNODON BERMUDA GRASS,no,,FNCT_1077-1352-Acor-Zanni.txt,8,"Diggs, Lipscomb & O'Kennon 1999, Shinners & Mahler's Illustrated Flora of North Central Texas"
Dalea,yes,644,DALEA PRAIRIE-CLOVER,yes,"Dallas, Fannin, Grayson, Hopkins, and Lamar cos., also Denton Co.",FNCT_0618-1076-Fab-Zygo.txt,55,"Diggs, Lipscomb & O'Kennon 1999, Shinners & Mahler's Illustrated Flora of North Central Texas"
Datura,yes,62,DATURA WRIGHTII,no,,FNCT_0001-0108-FrontMatter-Intro.txt,14,"Diggs, Lipscomb & O'Kennon 1999, Shinners & Mahler's Illustrated Flora of North Central Texas"
Daucus,yes,250,DAUCUS CARROT,yes,"Roadsides or railroads, disturbed areas; Ellis, Grayson, and Tarrant cos., also Lamar (Carr 1994) and Dallas (Moss Park—Ruth May, pers.",FNCT_0210-0617-Acanth-Euph.txt,10,"Diggs, Lipscomb & O'Kennon 1999, Shinners & Mahler's Illustrated Flora of North Central Texas"
Desmanthus,yes,651,DESMANTHUS BUNDLE-FLOWER,yes,"Rocky limestone outcrops; Bell, Bosque, Dallas, Hill, and Williamson cos., also Collin Co.",FNCT_0618-1076-Fab-Zygo.txt,18,"Diggs, Lipscomb & O'Kennon 1999, Shinners & Mahler's Illustrated Flora of North Central Texas"
Desmodium,yes,652,"DESMODIUM TICK-CLOVER, BEGGAR’S-LICE, BEGGAR’S-TICKS",yes,Sandy woods; Dallas and Henderson cos.; mainly e TX.,FNCT_0618-1076-Fab-Zygo.txt,25,"Diggs, Lipscomb & O'Kennon 1999, Shinners & Mahler's Illustrated Flora of North Central Texas"
Dichanthelium,no,,,,,,32,"Diggs, Lipscomb & O'Kennon 1999, Shinners & Mahler's Illustrated Flora of North Central Texas"
Digitaria,yes,1262,"DIGITARIA CRAB GRASS, FINGER GRASS",yes,"Disturbed sandy soils; Dallas Co., also Milam and Limestone cos.",FNCT_1077-1352-Acor-Zanni.txt,20,"Diggs, Lipscomb & O'Kennon 1999, Shinners & Mahler's Illustrated Flora of North Central Texas"
Diospyros,yes,578,"DIOSPYROS PERSIMMON, EBONY",no,,FNCT_0210-0617-Acanth-Euph.txt,15,"Diggs, Lipscomb & O'Kennon 1999, Shinners & Mahler's Illustrated Flora of North Central Texas"
Draba,yes,466,DRABA WHITLOW-GRASS,no,,FNCT_0210-0617-Acanth-Euph.txt,10,"Diggs, Lipscomb & O'Kennon 1999, Shinners & Mahler's Illustrated Flora of North Central Texas"
Dysodiopsis,yes,346,"DYSODIOPSIS DOGWEED, FOETID-MARIGOLD",yes,"Calcareous soils; Bell, Dallas, and Grayson cos.",FNCT_0210-0617-Acanth-Euph.txt,8,"Diggs, Lipscomb & O'Kennon 1999, Shinners & Mahler's Illustrated Flora of North Central Texas"
Eleusine,yes,1268,ELEUSINE GOOSE GRASS,no,,FNCT_1077-1352-Acor-Zanni.txt,7,"Diggs, Lipscomb & O'Kennon 1999, Shinners & Mahler's Illustrated Flora of North Central Texas"
Ericameria,no,,,,,,0,"Diggs, Lipscomb & O'Kennon 1999, Shinners & Mahler's Illustrated Flora of North Central Texas"
Erigeron,yes,348,"ERIGERON FLEABANE, DAISY FLEABANE, DAISY",yes,"Sandy prairies; Archer, Clay, Dallas, Falls, Palo Pinto, and Young cos.; se TX w to Edwards Plateau and n to nc TX and Rolling Plains.",FNCT_0210-0617-Acanth-Euph.txt,21,"Diggs, Lipscomb & O'Kennon 1999, Shinners & Mahler's Illustrated Flora of North Central Texas"
Fraxinus,yes,848,FRAXINUS ASH,no,,FNCT_0618-1076-Fab-Zygo.txt,18,"Diggs, Lipscomb & O'Kennon 1999, Shinners & Mahler's Illustrated Flora of North Central Texas"
Gaillardia,yes,358,"GAILLARDIA INDIAN-BLANKET, BLANKET-FLOWER",no,,FNCT_0210-0617-Acanth-Euph.txt,15,"Diggs, Lipscomb & O'Kennon 1999, Shinners & Mahler's Illustrated Flora of North Central Texas"
Galactea,no,,,,,,1,"Diggs, Lipscomb & O'Kennon 1999, Shinners & Mahler's Illustrated Flora of North Central Texas"
Gaura,yes,855,"GAURA BUTTERFLY-WEED, WILD HONEYSUCKLE",yes,"Rocky or sandy open ground; Dallas, Erath, and Tarrant cos.; e 1/2 of TX.",FNCT_0618-1076-Fab-Zygo.txt,35,"Diggs, Lipscomb & O'Kennon 1999, Shinners & Mahler's Illustrated Flora of North Central Texas"
Gleditsia,yes,660,GLEDITSIA HONEY-LOCUST,no,,FNCT_0618-1076-Fab-Zygo.txt,11,"Diggs, Lipscomb & O'Kennon 1999, Shinners & Mahler's Illustrated Flora of North Central Texas"
Gnaphalium,no,,,,,,12,"Diggs, Lipscomb & O'Kennon 1999, Shinners & Mahler's Illustrated Flora of North Central Texas"
Gonolobus,no,,,,,,3,"Diggs, Lipscomb & O'Kennon 1999, Shinners & Mahler's Illustrated Flora of North Central Texas"
Grindelia,yes,360,"GRINDELIA GUMWEED, TARWEED, ROSINWEED, GUMPLANT",no,,FNCT_0210-0617-Acanth-Euph.txt,23,"Diggs, Lipscomb & O'Kennon 1999, Shinners & Mahler's Illustrated Flora of North Central Texas"
Gutierrezia,yes,362,"GUTIERREZIA BROOMWEED, SNAKEWEED",no,,FNCT_0210-0617-Acanth-Euph.txt,24,"Diggs, Lipscomb & O'Kennon 1999, Shinners & Mahler's Illustrated Flora of North Central Texas"
Helenium,yes,365,"HELENIUM SNEEZEWEED, BITTERWEED",yes,Dallas and Grayson cos.,FNCT_0210-0617-Acanth-Euph.txt,17,"Diggs, Lipscomb & O'Kennon 1999, Shinners & Mahler's Illustrated Flora of North Central Texas"
Helianthus,yes,368,HELIANTHUS SUNFLOWER,yes,Sandy or rocky prairies; Dallas and McLennan cos.,FNCT_0210-0617-Acanth-Euph.txt,44,"Diggs, Lipscomb & O'Kennon 1999, Shinners & Mahler's Illustrated Flora of North Central Texas"
Heliomeris,no,,,,,,0,"Diggs, Lipscomb & O'Kennon 1999, Shinners & Mahler's Illustrated Flora of North Central Texas"
Heliopsis,no,,,,,,0,"Diggs, Lipscomb & O'Kennon 1999, Shinners & Mahler's Illustrated Flora of North Central Texas"
Heterotheca,yes,372,"HETEROTHECA GOLDEN-ASTER, GOLD-ASTER, CAMPHORWEED",yes,(Semple 1996) and collected at Dallas by Reverchon.,FNCT_0210-0617-Acanth-Euph.txt,14,"Diggs, Lipscomb & O'Kennon 1999, Shinners & Mahler's Illustrated Flora of North Central Texas"
Hibiscus,yes,810,"HIBISCUS ROSE-MALLOW, MARSH-MALLOW",yes,"Grayson Co., also Dallas Co.",FNCT_0618-1076-Fab-Zygo.txt,20,"Diggs, Lipscomb & O'Kennon 1999, Shinners & Mahler's Illustrated Flora of North Central Texas"
Ilex,yes,268,ILEX HOLLY,yes,"Rock outcrops, ravines, and disturbed areas; se and e TX w to Bell, Dallas (Lundell 1961), and Grayson cos., also Comanche (Little 1976 [1977]), Parker (R.",FNCT_0210-0617-Acanth-Euph.txt,14,"Diggs, Lipscomb & O'Kennon 1999, Shinners & Mahler's Illustrated Flora of North Central Texas"
Indigofera,yes,664,INDIGOFERA INDIGO,no,,FNCT_0618-1076-Fab-Zygo.txt,10,"Diggs, Lipscomb & O'Kennon 1999, Shinners & Mahler's Illustrated Flora of North Central Texas"
Isocoma,no,,,,,,0,"Diggs, Lipscomb & O'Kennon 1999, Shinners & Mahler's Illustrated Flora of North Central Texas"
Juglans,yes,748,"JUGLANS WALNUT, NOGAL",no,,FNCT_0618-1076-Fab-Zygo.txt,15,"Diggs, Lipscomb & O'Kennon 1999, Shinners & Mahler's Illustrated Flora of North Central Texas"
Juniperus,yes,202,JUNIPERUS JUNIPER,yes,Rocky soils; often forming thickets or “cedar brakes”; Dallas and Cooke cos.,FNCT_0109-0209-Keys-Ferns-Gymnos.txt,28,"Diggs, Lipscomb & O'Kennon 1999, Shinners & Mahler's Illustrated Flora of North Central Texas"
Lantana,yes,1052,LANTANA,no,,FNCT_0618-1076-Fab-Zygo.txt,17,"Diggs, Lipscomb & O'Kennon 1999, Shinners & Mahler's Illustrated Flora of North Central Texas"
Larix,no,,,,,,0,"Diggs, Lipscomb & O'Kennon 1999, Shinners & Mahler's Illustrated Flora of North Central Texas"
Leersia,yes,1280,LEERSIA CUT GRASS,yes,"Marshes, wet places; Bell, Dallas, Grayson, and Limestone cos., also Lamar Co.",FNCT_1077-1352-Acor-Zanni.txt,10,"Diggs, Lipscomb & O'Kennon 1999, Shinners & Mahler's Illustrated Flora of North Central Texas"
Lespedeza,yes,666,LESPEDEZA BUSH-CLOVER,yes,"Sandy open woods, fencerows, roadsides; Dallas, Grayson, and Tarrant cos., also Turner (1959) gave many other citations from nc TX; e 1/2 of TX.",FNCT_0618-1076-Fab-Zygo.txt,31,"Diggs, Lipscomb & O'Kennon 1999, Shinners & Mahler's Illustrated Flora of North Central Texas"
Lesquerella,yes,472,"LESQUERELLA BLADDERPOD, WILD MUSTARD",yes,"Rocky limestone slopes; Cooke, Dallas, Ellis, Erath, Parker, Tarrant, and Wise cos., also Lampasas Co.",FNCT_0210-0617-Acanth-Euph.txt,24,"Diggs, Lipscomb & O'Kennon 1999, Shinners & Mahler's Illustrated Flora of North Central Texas"
Leucophyllum,no,,,,,,5,"Diggs, Lipscomb & O'Kennon 1999, Shinners & Mahler's Illustrated Flora of North Central Texas"
Ligustrum,yes,849,"LIGUSTRUM PRIVET, HEDGEPLANT",yes,Cultivated and escapes; Dallas and Tarrant cos.,FNCT_0618-1076-Fab-Zygo.txt,13,"Diggs, Lipscomb & O'Kennon 1999, Shinners & Mahler's Illustrated Flora of North Central Texas"
Linaria,yes,1002,"LINARIA TOAD-FLAX, SPURRED-SNAPDRAGON",no,,FNCT_0618-1076-Fab-Zygo.txt,11,"Diggs, Lipscomb & O'Kennon 1999, Shinners & Mahler's Illustrated Flora of North Central Texas"
Linum,yes,62,LINUM RIGIDUM VAR. BERLANDIERI,no,,FNCT_0001-0108-FrontMatter-Intro.txt,37,"Diggs, Lipscomb & O'Kennon 1999, Shinners & Mahler's Illustrated Flora of North Central Texas"
Liquidambar,yes,736,LIQUIDAMBAR SWEETGUM,no,,FNCT_0618-1076-Fab-Zygo.txt,11,"Diggs, Lipscomb & O'Kennon 1999, Shinners & Mahler's Illustrated Flora of North Central Texas"
Ludwigia,yes,858,"LUDWIGIA SEEDBOX, WATER-PRIMROSE, FALSE LOOSESTRIFE",yes,"Wet places; Denton, Fannin, and Hopkins cos., also Dallas (Munz 1961) and Lamar (Carr 1994) cos.; se and e TX w to nc TX.",FNCT_0618-1076-Fab-Zygo.txt,25,"Diggs, Lipscomb & O'Kennon 1999, Shinners & Mahler's Illustrated Flora of North Central Texas"
Lupinus,yes,671,"LUPINUS BLUEBONNET, LUPINE, LUPIN",no,,FNCT_0618-1076-Fab-Zygo.txt,22,"Diggs, Lipscomb & O'Kennon 1999, Shinners & Mahler's Illustrated Flora of North Central Texas"
Machaeranthera,yes,387,MACHAERANTHERA,no,,FNCT_0210-0617-Acanth-Euph.txt,9,"Diggs, Lipscomb & O'Kennon 1999, Shinners & Mahler's Illustrated Flora of North Central Texas"
Maclura,yes,830,"MACLURA BOIS D’ARC, HORSE-APPLE, OSAGE-ORANGE",yes,"According to Weniger (1996), based on field notes of pre-1860 surveys, the native range of BOIS D’ARC in TX was apparently limited to 12 counties in nc and extreme ne TX from Dallas and Grayson cos.",FNCT_0618-1076-Fab-Zygo.txt,13,"Diggs, Lipscomb & O'Kennon 1999, Shinners & Mahler's Illustrated Flora of North Central Texas"
Malus,no,,,,,,2,"Diggs, Lipscomb & O'Kennon 1999, Shinners & Mahler's Illustrated Flora of North Central Texas"
Malvaviscus,yes,814,MALVAVISCUS TURK’S-CAP,yes,"(Turner & Mendenhall 1993), also escaped in Dallas Co.",FNCT_0618-1076-Fab-Zygo.txt,6,"Diggs, Lipscomb & O'Kennon 1999, Shinners & Mahler's Illustrated Flora of North Central Texas"
Matelea,yes,62,MATELEA EDWARDSENSIS,no,,FNCT_0001-0108-FrontMatter-Intro.txt,20,"Diggs, Lipscomb & O'Kennon 1999, Shinners & Mahler's Illustrated Flora of North Central Texas"
Megisto,no,,,,,,3,"Diggs, Lipscomb & O'Kennon 1999, Shinners & Mahler's Illustrated Flora of North Central Texas"
Morus,yes,831,MORUS MULBERRY,yes,"Established in thickets in limestone ar- 832 MYRICACEAE/MYRICA eas, local; Dallas, Denton, Grayson, and Tarrant cos., also McLennan Co.",FNCT_0618-1076-Fab-Zygo.txt,17,"Diggs, Lipscomb & O'Kennon 1999, Shinners & Mahler's Illustrated Flora of North Central Texas"
Myrica,yes,832,MYRICA WAX-MYRTLE,no,,FNCT_0618-1076-Fab-Zygo.txt,10,"Diggs, Lipscomb & O'Kennon 1999, Shinners & Mahler's Illustrated Flora of North Central Texas"
Nassella,yes,1290,NASSELLA,no,,FNCT_1077-1352-Acor-Zanni.txt,10,"Diggs, Lipscomb & O'Kennon 1999, Shinners & Mahler's Illustrated Flora of North Central Texas"
Oenothera,yes,862,"OENOTHERA EVENING-PRIMROSE, SUNDROPS",yes,Open sandy areas; Dallas and Limestone cos.,FNCT_0618-1076-Fab-Zygo.txt,46,"Diggs, Lipscomb & O'Kennon 1999, Shinners & Mahler's Illustrated Flora of North Central Texas"
Packera,yes,388,"PACKERA RAGWORT, GROUNDSEL, BUTTERWEED",no,,FNCT_0210-0617-Acanth-Euph.txt,11,"Diggs, Lipscomb & O'Kennon 1999, Shinners & Mahler's Illustrated Flora of North Central Texas"
Palafoxia,yes,392,PALAFOXIA,yes,"E Palafoxia reverchonii (Bush) Cory, (for Julien Reverchon, 1837–1905, a French-American immi- grant to Dallas and important botanical collector of early TX), REVERCHON’S PALAFOXIA.",FNCT_0210-0617-Acanth-Euph.txt,20,"Diggs, Lipscomb & O'Kennon 1999, Shinners & Mahler's Illustrated Flora of North Central Texas"
Panicum,yes,1291,PANICUM PANIC GRASS,yes,"Spikelets 2.4–2.8 mm long; second glume and lower lemma usually 7-nerved; rare in nc TX, reported only from Dallas and Lamar cos.",FNCT_1077-1352-Acor-Zanni.txt,87,"Diggs, Lipscomb & O'Kennon 1999, Shinners & Mahler's Illustrated Flora of North Central Texas"
Parthenocissus,yes,1066,"PARTHENOCISSUS VIRGINIA-CREEPER, WOODBINE",no,,FNCT_0618-1076-Fab-Zygo.txt,16,"Diggs, Lipscomb & O'Kennon 1999, Shinners & Mahler's Illustrated Flora of North Central Texas"
Paspalum,yes,1304,PASPALUM,yes,"Moist or wet areas along ponds, lakes, and streams; Bell, Dallas, Ellis, and Grayson cos., also Lamar Co.",FNCT_1077-1352-Acor-Zanni.txt,44,"Diggs, Lipscomb & O'Kennon 1999, Shinners & Mahler's Illustrated Flora of North Central Texas"
Passiflora,yes,62,PASSIFLORA TENUILOBA,no,,FNCT_0001-0108-FrontMatter-Intro.txt,23,"Diggs, Lipscomb & O'Kennon 1999, Shinners & Mahler's Illustrated Flora of North Central Texas"
Phragmites,yes,1311,PHRAGMITES,no,,FNCT_1077-1352-Acor-Zanni.txt,8,"Diggs, Lipscomb & O'Kennon 1999, Shinners & Mahler's Illustrated Flora of North Central Texas"
Picea,no,,,,,,2,"Diggs, Lipscomb & O'Kennon 1999, Shinners & Mahler's Illustrated Flora of North Central Texas"
Pinus,yes,204,PINUS PINE,no,,FNCT_0109-0209-Keys-Ferns-Gymnos.txt,18,"Diggs, Lipscomb & O'Kennon 1999, Shinners & Mahler's Illustrated Flora of North Central Texas"
Plantago,yes,882,"PLANTAGO PLANTAIN, RIBWORT",yes,"Open ground, roadsides, often sandy soils; Burnet, Dallas, Denton, Hopkins, and Hunt cos., se and e TX w to nc TX, also Edwards Plateau.",FNCT_0618-1076-Fab-Zygo.txt,36,"Diggs, Lipscomb & O'Kennon 1999, Shinners & Mahler's Illustrated Flora of North Central Texas"
Poa,yes,1312,POA BLUE GRASS,yes,"in Red River drainage, also Dallas Co.",FNCT_1077-1352-Acor-Zanni.txt,19,"Diggs, Lipscomb & O'Kennon 1999, Shinners & Mahler's Illustrated Flora of North Central Texas"
Polytaenia,yes,256,"POLYTAENIA PRAIRIE-PARSLEY, PRAIRIE-PARSNIP",no,,FNCT_0210-0617-Acanth-Euph.txt,6,"Diggs, Lipscomb & O'Kennon 1999, Shinners & Mahler's Illustrated Flora of North Central Texas"
Populus,yes,974,"POPULUS COTTONWOOD, ÁLAMO, POPLAR, ASPEN",yes,"Commonly cultivated, persists, and spreads veg- etatively; in some instances its aggressive spread can be problematic; Grayson Co., also Erath, Lamar (Correll 1961b), Dallas, and Tarrant (R.",FNCT_0618-1076-Fab-Zygo.txt,16,"Diggs, Lipscomb & O'Kennon 1999, Shinners & Mahler's Illustrated Flora of North Central Texas"
Prosopis,yes,688,PROSOPIS MESQUITE,no,,FNCT_0618-1076-Fab-Zygo.txt,12,"Diggs, Lipscomb & O'Kennon 1999, Shinners & Mahler's Illustrated Flora of North Central Texas"
Prunus,yes,947,"PRUNUS CHERRY, PEACH, PLUM",yes,"Low areas; cultivated more in the past than at present, escap- ing; Grayson and Tarrant cos., also Dallas Co.",FNCT_0618-1076-Fab-Zygo.txt,35,"Diggs, Lipscomb & O'Kennon 1999, Shinners & Mahler's Illustrated Flora of North Central Texas"
Pseudotsuga,no,,,,,,1,"Diggs, Lipscomb & O'Kennon 1999, Shinners & Mahler's Illustrated Flora of North Central Texas"
Ptelea,yes,972,"PTELEA WAHOO, HOPTREE",yes,"Burnet, Coryell, Dallas, Grayson, McLennan, and Tarrant cos., also Erath, Hood, and Palo Pinto cos.",FNCT_0618-1076-Fab-Zygo.txt,9,"Diggs, Lipscomb & O'Kennon 1999, Shinners & Mahler's Illustrated Flora of North Central Texas"
Quercus,yes,711,QUERCUS OAK,yes,Stream bottom woods; once collected in Dallas Co.,FNCT_0618-1076-Fab-Zygo.txt,77,"Diggs, Lipscomb & O'Kennon 1999, Shinners & Mahler's Illustrated Flora of North Central Texas"
Ratibida,yes,400,RATIBIDA MEXICAN-HAT,no,,FNCT_0210-0617-Acanth-Euph.txt,8,"Diggs, Lipscomb & O'Kennon 1999, Shinners & Mahler's Illustrated Flora of North Central Texas"
Rhododendron,no,,,,,,1,"Diggs, Lipscomb & O'Kennon 1999, Shinners & Mahler's Illustrated Flora of North Central Texas"
Rhus,yes,232,RHUS SUMAC,yes,"Sandy woods and ravines; se and e TX w to Dallas and Grayson cos., also Edwards Plateau.",FNCT_0210-0617-Acanth-Euph.txt,38,"Diggs, Lipscomb & O'Kennon 1999, Shinners & Mahler's Illustrated Flora of North Central Texas"
Rhynchosia,yes,690,RHYNCHOSIA SNOUT-BEAN,yes,"Grav- elly or rocky limestone soils; Bell, Burnet, and Somervell cos., also Dallas and Palo Pinto cos.",FNCT_0618-1076-Fab-Zygo.txt,12,"Diggs, Lipscomb & O'Kennon 1999, Shinners & Mahler's Illustrated Flora of North Central Texas"
Robinia,yes,690,ROBINIA LOCUST,no,,FNCT_0618-1076-Fab-Zygo.txt,8,"Diggs, Lipscomb & O'Kennon 1999, Shinners & Mahler's Illustrated Flora of North Central Texas"
Rosa,yes,954,ROSA ROSE,yes,"Cultivated and escapes, weedy areas; Dallas Co., also Fort Hood (Bell or Coryell cos.—Sanchez 1997); mainly e TX.",FNCT_0618-1076-Fab-Zygo.txt,28,"Diggs, Lipscomb & O'Kennon 1999, Shinners & Mahler's Illustrated Flora of North Central Texas"
Rubus,yes,958,"RUBUS DEWBERRY, BLACKBERRY, BRAMBLE",no,,FNCT_0618-1076-Fab-Zygo.txt,20,"Diggs, Lipscomb & O'Kennon 1999, Shinners & Mahler's Illustrated Flora of North Central Texas"
Rudbeckia,yes,400,"RUDBECKIA CONEFLOWER, BROWN-EYED-SUSAN",no,,FNCT_0210-0617-Acanth-Euph.txt,15,"Diggs, Lipscomb & O'Kennon 1999, Shinners & Mahler's Illustrated Flora of North Central Texas"
Ruellia,yes,212,RUELLIA WILD PETUNIA,yes,"Common in nursery trade, readily escapes cultivation; Tarrant Co., also Dallas Co.",FNCT_0210-0617-Acanth-Euph.txt,25,"Diggs, Lipscomb & O'Kennon 1999, Shinners & Mahler's Illustrated Flora of North Central Texas"
Salix,yes,976,"SALIX WILLOW, OSIER, SALLOW",no,,FNCT_0618-1076-Fab-Zygo.txt,24,"Diggs, Lipscomb & O'Kennon 1999, Shinners & Mahler's Illustrated Flora of North Central Texas"
Sapindus,yes,980,SAPINDUS SOAPBERRY,no,,FNCT_0618-1076-Fab-Zygo.txt,6,"Diggs, Lipscomb & O'Kennon 1999, Shinners & Mahler's Illustrated Flora of North Central Texas"
Sarcostemma,no,,,,,,5,"Diggs, Lipscomb & O'Kennon 1999, Shinners & Mahler's Illustrated Flora of North Central Texas"
Schizachyrium,yes,1316,SCHIZACHYRIUM BLUESTEM,no,,FNCT_1077-1352-Acor-Zanni.txt,18,"Diggs, Lipscomb & O'Kennon 1999, Shinners & Mahler's Illustrated Flora of North Central Texas"
Senecio,yes,403,"SENECIO RAGWORT, SQUAW-WEED, GROUNDSEL",yes,"Sandy open woods, fields, roadsides; Burnet, Callahan, Comanche, Dallas, and Denton cos.; se and e TX w to West Cross Timbers and Edwards Plateau; endemic to TX.",FNCT_0210-0617-Acanth-Euph.txt,24,"Diggs, Lipscomb & O'Kennon 1999, Shinners & Mahler's Illustrated Flora of North Central Texas"
Senna,yes,692,SENNA,yes,"Dis- turbed areas, sandy fields, and open woods; Bell, Dallas, Grayson, and Johnson cos.; se and e TX w to nc TX.",FNCT_0618-1076-Fab-Zygo.txt,38,"Diggs, Lipscomb & O'Kennon 1999, Shinners & Mahler's Illustrated Flora of North Central Texas"
Sesbania,yes,696,SESBANIA,yes,"Disturbed areas; Dallas, Denton, Ellis, Grayson, Kaufman, and Tarrant cos.; se and e TX w to nc TX, also Edwards Plateau.",FNCT_0618-1076-Fab-Zygo.txt,12,"Diggs, Lipscomb & O'Kennon 1999, Shinners & Mahler's Illustrated Flora of North Central Texas"
Setaria,yes,1318,"SETARIA BRISTLE GRASS, FOXTAIL, FOXTAIL-MILLET",yes,"[Panicum ramisetum Scribn.] Setaria reverchonii (Vasey) Pilg., (for Julien Reverchon,1837–1905, a French-American immi- grant to Dallas and important botanical collector of early TX), REVERCHON’S BRISTLE GRASS.",FNCT_1077-1352-Acor-Zanni.txt,25,"Diggs, Lipscomb & O'Kennon 1999, Shinners & Mahler's Illustrated Flora of North Central Texas"
Sida,yes,818,SIDA,no,,FNCT_0618-1076-Fab-Zygo.txt,44,"Diggs, Lipscomb & O'Kennon 1999, Shinners & Mahler's Illustrated Flora of North Central Texas"
Sisymbrium,yes,479,SISYMBRIUM,yes,Railroads and roadsides; Dallas Co.; scattered in TX.,FNCT_0210-0617-Acanth-Euph.txt,11,"Diggs, Lipscomb & O'Kennon 1999, Shinners & Mahler's Illustrated Flora of North Central Texas"
Solanum,yes,1027,SOLANUM NIGHTSHADE,yes,"Stream banks, fencerows, and dis- turbed areas; Brown and Grayson cos.; also Dallas, Erath (Mahler 1988) and Somervell (R.",FNCT_0618-1076-Fab-Zygo.txt,34,"Diggs, Lipscomb & O'Kennon 1999, Shinners & Mahler's Illustrated Flora of North Central Texas"
Solidago,yes,408,SOLIDAGO GOLDENROD,yes,"Hopkins, Kaufman, Lamar, and Montague cos., also Dallas Co.",FNCT_0210-0617-Acanth-Euph.txt,46,"Diggs, Lipscomb & O'Kennon 1999, Shinners & Mahler's Illustrated Flora of North Central Texas"
Sophora,yes,697,SOPHORA,no,,FNCT_0618-1076-Fab-Zygo.txt,9,"Diggs, Lipscomb & O'Kennon 1999, Shinners & Mahler's Illustrated Flora of North Central Texas"
Sorghastrum,yes,1320,SORGHASTRUM INDIAN GRASS,yes,"(Talbot property), also col- lected by Reverchon in Dallas Co.",FNCT_1077-1352-Acor-Zanni.txt,21,"Diggs, Lipscomb & O'Kennon 1999, Shinners & Mahler's Illustrated Flora of North Central Texas"
Sorghum,yes,1322,SORGHUM,no,,FNCT_1077-1352-Acor-Zanni.txt,19,"Diggs, Lipscomb & O'Kennon 1999, Shinners & Mahler's Illustrated Flora of North Central Texas"
Stenotaphrum,yes,1328,STENOTAPHRUM,no,,FNCT_1077-1352-Acor-Zanni.txt,7,"Diggs, Lipscomb & O'Kennon 1999, Shinners & Mahler's Illustrated Flora of North Central Texas"
Symphoricarpos,yes,510,"SYMPHORICARPOS CORAL-BERRY, SNOWBERRY",no,,FNCT_0210-0617-Acanth-Euph.txt,7,"Diggs, Lipscomb & O'Kennon 1999, Shinners & Mahler's Illustrated Flora of North Central Texas"
Symphyotrichum,no,,,,,,9,"Diggs, Lipscomb & O'Kennon 1999, Shinners & Mahler's Illustrated Flora of North Central Texas"
Tilia,yes,1036,"TILIA BASSWOOD, LINDEN, LIME",no,,FNCT_0618-1076-Fab-Zygo.txt,4,"Diggs, Lipscomb & O'Kennon 1999, Shinners & Mahler's Illustrated Flora of North Central Texas"
Tridens,yes,1328,TRIDENS,yes,"Clay, disturbed sites, low moist areas; Grayson Co., also Dallas and McLennan cos.",FNCT_1077-1352-Acor-Zanni.txt,34,"Diggs, Lipscomb & O'Kennon 1999, Shinners & Mahler's Illustrated Flora of North Central Texas"
Trifolium,yes,700,TRIFOLIUM CLOVER,yes,"Fields, roadsides; Henderson Co., also Dallas Co.",FNCT_0618-1076-Fab-Zygo.txt,36,"Diggs, Lipscomb & O'Kennon 1999, Shinners & Mahler's Illustrated Flora of North Central Texas"
Tsuga,no,,,,,,1,"Diggs, Lipscomb & O'Kennon 1999, Shinners & Mahler's Illustrated Flora of North Central Texas"
Ulmus,yes,1038,ULMUS ELM,yes,Cultivated and rarely escapes; Dallas Co.,FNCT_0618-1076-Fab-Zygo.txt,25,"Diggs, Lipscomb & O'Kennon 1999, Shinners & Mahler's Illustrated Flora of North Central Texas"
Ungnadia,yes,982,"UNGNADIA MEXICAN-BUCKEYE, TEXAS-BUCKEYE",yes,"Limestone outcrops, rocky areas; Bell, Cooke, and Dallas cos., also Brown, Burnet, Coleman, Hamilton, Mills (HPC), Comanche, Coryell, McLennan, Tarrant, and Williamson (Little 1976) cos.; nc TX s and w across much of the w 1/2 of TX.",FNCT_0618-1076-Fab-Zygo.txt,9,"Diggs, Lipscomb & O'Kennon 1999, Shinners & Mahler's Illustrated Flora of North Central Texas"
Urtica,yes,1043,URTICA NETTLE,no,,FNCT_0618-1076-Fab-Zygo.txt,12,"Diggs, Lipscomb & O'Kennon 1999, Shinners & Mahler's Illustrated Flora of North Central Texas"
Vaccinium,yes,584,VACCINIUM BLUEBERRY,no,,FNCT_0210-0617-Acanth-Euph.txt,8,"Diggs, Lipscomb & O'Kennon 1999, Shinners & Mahler's Illustrated Flora of North Central Texas"
Verbesina,yes,426,"VERBESINA CROWN-BEARD, FLAT-SEED-SUNFLOWER, WINGSTEM",yes,"Heads usually many, (10–)20–100 per plant; phyllaries few, soon deflexed (= bent down- ward); ray flowers 2–10, the ligules drooping; achenes spreading in all directions forming globose heads, some achenes deflexed; known in nc TX only from Dallas and Grayson cos.",FNCT_0210-0617-Acanth-Euph.txt,21,"Diggs, Lipscomb & O'Kennon 1999, Shinners & Mahler's Illustrated Flora of North Central Texas"
Vernonia,yes,427,VERNONIA IRONWEED,yes,Limestone out- crops; Dallas and Tarrant cos.,FNCT_0210-0617-Acanth-Euph.txt,22,"Diggs, Lipscomb & O'Kennon 1999, Shinners & Mahler's Illustrated Flora of North Central Texas"
Viburnum,yes,511,VIBURNUM ARROW-WOOD,no,,FNCT_0210-0617-Acanth-Euph.txt,9,"Diggs, Lipscomb & O'Kennon 1999, Shinners & Mahler's Illustrated Flora of North Central Texas"
Vicia,yes,706,VICIA VETCH,yes,Rarely cultivated; found once as a weed in field near Dallas in May 1946.,FNCT_0618-1076-Fab-Zygo.txt,16,"Diggs, Lipscomb & O'Kennon 1999, Shinners & Mahler's Illustrated Flora of North Central Texas"
Viola,yes,1061,VIOLA VIOLET,yes,"In woods, low ground; Dallas (on the Austin Chalk), Grayson, Hunt, and Lamar cos.; se and e TX w to nc TX.",FNCT_0618-1076-Fab-Zygo.txt,18,"Diggs, Lipscomb & O'Kennon 1999, Shinners & Mahler's Illustrated Flora of North Central Texas"
Vitis,yes,1068,VITIS GRAPE,yes,"Dallas, Henderson, and Limestone cos., also Hood Co.",FNCT_0618-1076-Fab-Zygo.txt,34,"Diggs, Lipscomb & O'Kennon 1999, Shinners & Mahler's Illustrated Flora of North Central Texas"
Wisteria,yes,708,WISTERIA,no,,FNCT_0618-1076-Fab-Zygo.txt,11,"Diggs, Lipscomb & O'Kennon 1999, Shinners & Mahler's Illustrated Flora of North Central Texas"
Yucca,yes,1082,"YUCCA BEAR-GRASS, SPANISH-BAYONET, SOAPWEED",yes,"pallida have been found on limestone in Dallas (McKelvey 1947), at Glen Rose in Somervell Co.",FNCT_1077-1352-Acor-Zanni.txt,52,"Diggs, Lipscomb & O'Kennon 1999, Shinners & Mahler's Illustrated Flora of North Central Texas"
Zanthoxylum,yes,973,"ZANTHOXYLUM PRICKLY-ASH, PEPPERBARK",no,,FNCT_0618-1076-Fab-Zygo.txt,9,"Diggs, Lipscomb & O'Kennon 1999, Shinners & Mahler's Illustrated Flora of North Central Texas"
Zea,yes,1338,"ZEA MAIZE, CORN",no,,FNCT_1077-1352-Acor-Zanni.txt,8,"Diggs, Lipscomb & O'Kennon 1999, Shinners & Mahler's Illustrated Flora of North Central Texas"
Zizaniopsis,yes,1338,ZIZANIOPSIS CUT GRASS,yes,"Marshes, creek bottoms, and lakeshores; se and e TX w to Dallas, Collin, Grayson, Hunt, Tarrant, and Williamson cos., also Edwards Plateau.",FNCT_1077-1352-Acor-Zanni.txt,7,"Diggs, Lipscomb & O'Kennon 1999, Shinners & Mahler's Illustrated Flora of North Central Texas"
