section,family,plant,plant_genus,lep_common,lep_species,species_verbatim,name_inferred,grouping_note,fnct_page,source
butterflies,CUPRESSACEAE,Juniperus ashei,Juniperus,OLIVE-GREEN HAIRSTREAK,Callophrys gryneus,Callophrys gryneus,,,1394,"Diggs, Lipscomb & O'Kennon 1999, Appendix Ten (Larval Host Plants of Lepidoptera of North Central Texas, compiled by JoAnn Karges)"
butterflies,CUPRESSACEAE,Juniperus ashei,Juniperus,SACHEM,Atalapodes campestris,Atalapodes campestris,,,1394,"Diggs, Lipscomb & O'Kennon 1999, Appendix Ten (Larval Host Plants of Lepidoptera of North Central Texas, compiled by JoAnn Karges)"
butterflies,CUPRESSACEAE,Poa pratensis,Poa,LEAST SKIPPER,Ancyoloxphya numitor,Ancyoloxphya numitor,,,1394,"Diggs, Lipscomb & O'Kennon 1999, Appendix Ten (Larval Host Plants of Lepidoptera of North Central Texas, compiled by JoAnn Karges)"
butterflies,CUPRESSACEAE,Poa pratensis,Poa,FIERY SKIPPER,Hylephila phyleus,Hylephila phyleus,,,1394,"Diggs, Lipscomb & O'Kennon 1999, Appendix Ten (Larval Host Plants of Lepidoptera of North Central Texas, compiled by JoAnn Karges)"
butterflies,CUPRESSACEAE,Poa pratensis,Poa,ROADSIDE SKIPPER,Amblyscirtes vialis,Amblyscirtes vialis,,,1394,"Diggs, Lipscomb & O'Kennon 1999, Appendix Ten (Larval Host Plants of Lepidoptera of North Central Texas, compiled by JoAnn Karges)"
butterflies,CUPRESSACEAE,Poa pratensis,Poa,WHIRLABOUT,Polites vibex,Polites vibex,,,1394,"Diggs, Lipscomb & O'Kennon 1999, Appendix Ten (Larval Host Plants of Lepidoptera of North Central Texas, compiled by JoAnn Karges)"
butterflies,CUPRESSACEAE,Chasmanthium latifolium,Chasmanthium,BELL’S ROADSIDE SKIPPER,Amblyscirtes belli,Amblyscirtes belli,,,1394,"Diggs, Lipscomb & O'Kennon 1999, Appendix Ten (Larval Host Plants of Lepidoptera of North Central Texas, compiled by JoAnn Karges)"
butterflies,CUPRESSACEAE,Phragmites australis,Phragmites,BROADWING SKIPPER,Poanes viator,Poanes viator,,,1394,"Diggs, Lipscomb & O'Kennon 1999, Appendix Ten (Larval Host Plants of Lepidoptera of North Central Texas, compiled by JoAnn Karges)"
butterflies,CUPRESSACEAE,Tridens spp.,Tridens,COMMON WOOD NYMPH,Cercyonis pegala,Cercyonis pegala,,,1394,"Diggs, Lipscomb & O'Kennon 1999, Appendix Ten (Larval Host Plants of Lepidoptera of North Central Texas, compiled by JoAnn Karges)"
butterflies,CUPRESSACEAE,Nassella spp.,Nassella,COMMON WOOD NYMPH,Cercyonis pegala,Cercyonis pegala,,,1394,"Diggs, Lipscomb & O'Kennon 1999, Appendix Ten (Larval Host Plants of Lepidoptera of North Central Texas, compiled by JoAnn Karges)"
butterflies,CUPRESSACEAE,Eleusine spp.,Eleusine,SACHEM,Atalapodes campestris,Atalapodes campestris,,,1394,"Diggs, Lipscomb & O'Kennon 1999, Appendix Ten (Larval Host Plants of Lepidoptera of North Central Texas, compiled by JoAnn Karges)"
butterflies,CUPRESSACEAE,Cynodon dactylon,Cynodon,JULIA’S SKIPPER,Nastra lherminier,Nastra lherminier,,,1394,"Diggs, Lipscomb & O'Kennon 1999, Appendix Ten (Larval Host Plants of Lepidoptera of North Central Texas, compiled by JoAnn Karges)"
butterflies,CUPRESSACEAE,Cynodon dactylon,Cynodon,ORANGE SKIPPERLING,Copaeodes aurantiacus,Copaeodes aurantiacus,,,1394,"Diggs, Lipscomb & O'Kennon 1999, Appendix Ten (Larval Host Plants of Lepidoptera of North Central Texas, compiled by JoAnn Karges)"
butterflies,CUPRESSACEAE,Cynodon dactylon,Cynodon,SOUTHERN SKIPPERLING,Copaeodes minimus,Copaeodes minimus,,,1394,"Diggs, Lipscomb & O'Kennon 1999, Appendix Ten (Larval Host Plants of Lepidoptera of North Central Texas, compiled by JoAnn Karges)"
butterflies,CUPRESSACEAE,Cynodon dactylon,Cynodon,WHIRLABOUT,Polites vibex,Polites vibex,,,1394,"Diggs, Lipscomb & O'Kennon 1999, Appendix Ten (Larval Host Plants of Lepidoptera of North Central Texas, compiled by JoAnn Karges)"
butterflies,CUPRESSACEAE,Cynodon dactylon,Cynodon,SACHEM,Atalapodes campestris,Atalapodes campestris,,,1394,"Diggs, Lipscomb & O'Kennon 1999, Appendix Ten (Larval Host Plants of Lepidoptera of North Central Texas, compiled by JoAnn Karges)"
butterflies,CUPRESSACEAE,Cynodon dactylon,Cynodon,EUFALA SKIPPER,Lerodea eufala,Lerodea eufala,,,1394,"Diggs, Lipscomb & O'Kennon 1999, Appendix Ten (Larval Host Plants of Lepidoptera of North Central Texas, compiled by JoAnn Karges)"
butterflies,CUPRESSACEAE,Bouteloua curtipendula,Bouteloua,ORANGE SKIPPERLING,Copaeodes aurantiacus,Copaeodes aurantiacus,,,1394,"Diggs, Lipscomb & O'Kennon 1999, Appendix Ten (Larval Host Plants of Lepidoptera of North Central Texas, compiled by JoAnn Karges)"
butterflies,CUPRESSACEAE,Bouteloua gracilis,Bouteloua,GREEN SKIPPER,Hesperia viridis,Hesperia viridis,,,1394,"Diggs, Lipscomb & O'Kennon 1999, Appendix Ten (Larval Host Plants of Lepidoptera of North Central Texas, compiled by JoAnn Karges)"
butterflies,CUPRESSACEAE,Bouteloua gracilis,Bouteloua,DOTTED SKIPPER,Hesperia attalus,Hesperia attalus,,,1394,"Diggs, Lipscomb & O'Kennon 1999, Appendix Ten (Larval Host Plants of Lepidoptera of North Central Texas, compiled by JoAnn Karges)"
butterflies,CUPRESSACEAE,Leersia oryzoides,Leersia,LEAST SKIPPER,Ancyoloxphya numitor,Ancyoloxphya numitor,,,1394,"Diggs, Lipscomb & O'Kennon 1999, Appendix Ten (Larval Host Plants of Lepidoptera of North Central Texas, compiled by JoAnn Karges)"
butterflies,CUPRESSACEAE,Zizaniopsis miliacea,Zizaniopsis,BROADWAY SKIPPER,Poanes viator,Poanes viator,,,1394,"Diggs, Lipscomb & O'Kennon 1999, Appendix Ten (Larval Host Plants of Lepidoptera of North Central Texas, compiled by JoAnn Karges)"
butterflies,CUPRESSACEAE,Digitaria spp.,Digitaria,SACHEM,Atalapodes campestris,Atalapodes campestris,,,1394,"Diggs, Lipscomb & O'Kennon 1999, Appendix Ten (Larval Host Plants of Lepidoptera of North Central Texas, compiled by JoAnn Karges)"
butterflies,CUPRESSACEAE,Digitaria spp.,Digitaria,NYSA ROADSIDE SKIPPER,Amblyscirtes nysa,Amblyscirtes nysa,,,1394,"Diggs, Lipscomb & O'Kennon 1999, Appendix Ten (Larval Host Plants of Lepidoptera of North Central Texas, compiled by JoAnn Karges)"
butterflies,CUPRESSACEAE,Stenotaphrum secundatum,Stenotaphrum,CLOUDED SKIPPER,Lerema accius,Lerema accius,,,1395,"Diggs, Lipscomb & O'Kennon 1999, Appendix Ten (Larval Host Plants of Lepidoptera of North Central Texas, compiled by JoAnn Karges)"
butterflies,CUPRESSACEAE,Stenotaphrum secundatum,Stenotaphrum,WHIRLABOUT,Polites vibex,Polites vibex,,,1395,"Diggs, Lipscomb & O'Kennon 1999, Appendix Ten (Larval Host Plants of Lepidoptera of North Central Texas, compiled by JoAnn Karges)"
butterflies,CUPRESSACEAE,Stenotaphrum secundatum,Stenotaphrum,SACHEM,Atalapodes campestris,Atalapodes campestris,,,1395,"Diggs, Lipscomb & O'Kennon 1999, Appendix Ten (Larval Host Plants of Lepidoptera of North Central Texas, compiled by JoAnn Karges)"
butterflies,CUPRESSACEAE,Stenotaphrum secundatum,Stenotaphrum,ROADSIDE SKIPPER,Amblyscirtes vialis,Amblyscirtes vialis,,,1395,"Diggs, Lipscomb & O'Kennon 1999, Appendix Ten (Larval Host Plants of Lepidoptera of North Central Texas, compiled by JoAnn Karges)"
butterflies,CUPRESSACEAE,Paspalum setaceum,Paspalum,WHIRLABOUT,Polites vibex,Polites vibex,,,1395,"Diggs, Lipscomb & O'Kennon 1999, Appendix Ten (Larval Host Plants of Lepidoptera of North Central Texas, compiled by JoAnn Karges)"
butterflies,CUPRESSACEAE,Paspalum setaceum,Paspalum,NYSA ROADSIDE SKIPPER,Amblyscirtes nysa,Amblyscirtes nysa,,,1395,"Diggs, Lipscomb & O'Kennon 1999, Appendix Ten (Larval Host Plants of Lepidoptera of North Central Texas, compiled by JoAnn Karges)"
butterflies,CUPRESSACEAE,Panicum spp.,Panicum,LEAST SKIPPER,Ancyloxypha numitor,Ancyloxypha numitor,,,1395,"Diggs, Lipscomb & O'Kennon 1999, Appendix Ten (Larval Host Plants of Lepidoptera of North Central Texas, compiled by JoAnn Karges)"
butterflies,CUPRESSACEAE,Panicum spp.,Panicum,DELAWARE SKIPPER,Anatrytrone logan,Anatrytrone logan,,,1395,"Diggs, Lipscomb & O'Kennon 1999, Appendix Ten (Larval Host Plants of Lepidoptera of North Central Texas, compiled by JoAnn Karges)"
butterflies,CUPRESSACEAE,Panicum spp.,Panicum,BROADWING SKIPPER,Poanes viator,Poanes viator,,,1395,"Diggs, Lipscomb & O'Kennon 1999, Appendix Ten (Larval Host Plants of Lepidoptera of North Central Texas, compiled by JoAnn Karges)"
butterflies,CUPRESSACEAE,Dichanthelium spp.,Dichanthelium,NORTHERN BROKEN DASH,Wallengrenia egremet,Wallengrenia egremet,,,1395,"Diggs, Lipscomb & O'Kennon 1999, Appendix Ten (Larval Host Plants of Lepidoptera of North Central Texas, compiled by JoAnn Karges)"
butterflies,CUPRESSACEAE,Dichanthelium spp.,Dichanthelium,EUFALA SKIPPER,Lerodea eufala,Lerodea eufala,,,1395,"Diggs, Lipscomb & O'Kennon 1999, Appendix Ten (Larval Host Plants of Lepidoptera of North Central Texas, compiled by JoAnn Karges)"
butterflies,CUPRESSACEAE,Setaria spp.,Setaria,COMMON WOOD NYMPH,Cercyonis pegala,Cercyonis pegala,,,1395,"Diggs, Lipscomb & O'Kennon 1999, Appendix Ten (Larval Host Plants of Lepidoptera of North Central Texas, compiled by JoAnn Karges)"
butterflies,CUPRESSACEAE,Setaria spp.,Setaria,AROGOS SKIPPER,Atrytone aragos,Atrytone aragos,,,1395,"Diggs, Lipscomb & O'Kennon 1999, Appendix Ten (Larval Host Plants of Lepidoptera of North Central Texas, compiled by JoAnn Karges)"
butterflies,CUPRESSACEAE,Setaria spp.,Setaria,DELAWARE SKIPPER,Atrytone logan,Atrytone logan,,,1395,"Diggs, Lipscomb & O'Kennon 1999, Appendix Ten (Larval Host Plants of Lepidoptera of North Central Texas, compiled by JoAnn Karges)"
butterflies,CUPRESSACEAE,Setaria spp.,Setaria,DUSTED SKIPPER,Atrytonopsis hianna,Atrytonopsis hianna,,,1395,"Diggs, Lipscomb & O'Kennon 1999, Appendix Ten (Larval Host Plants of Lepidoptera of North Central Texas, compiled by JoAnn Karges)"
butterflies,CUPRESSACEAE,Schizachyrium scoparium,Schizachyrium,RED SATYR,Megisto rubricata,Megisto rubricata,,,1395,"Diggs, Lipscomb & O'Kennon 1999, Appendix Ten (Larval Host Plants of Lepidoptera of North Central Texas, compiled by JoAnn Karges)"
butterflies,CUPRESSACEAE,Schizachyrium scoparium,Schizachyrium,SWARTHY SKIPPER,Nastra lherminier,Nastra lherminier,,,1395,"Diggs, Lipscomb & O'Kennon 1999, Appendix Ten (Larval Host Plants of Lepidoptera of North Central Texas, compiled by JoAnn Karges)"
butterflies,CUPRESSACEAE,Schizachyrium scoparium,Schizachyrium,COBWEB SKIPPER,Hesperia metea,Hesperia metea,,,1395,"Diggs, Lipscomb & O'Kennon 1999, Appendix Ten (Larval Host Plants of Lepidoptera of North Central Texas, compiled by JoAnn Karges)"
butterflies,CUPRESSACEAE,Schizachyrium scoparium,Schizachyrium,MESKE’S SKIPPER,Hesperia meske,Hesperia meske,,,1395,"Diggs, Lipscomb & O'Kennon 1999, Appendix Ten (Larval Host Plants of Lepidoptera of North Central Texas, compiled by JoAnn Karges)"
butterflies,CUPRESSACEAE,Schizachyrium scoparium,Schizachyrium,AROGOS SKIPPER,Atrytone arogos,Atrytone arogos,,,1395,"Diggs, Lipscomb & O'Kennon 1999, Appendix Ten (Larval Host Plants of Lepidoptera of North Central Texas, compiled by JoAnn Karges)"
butterflies,CUPRESSACEAE,Schizachyrium scoparium,Schizachyrium,DUSTED SKIPPER,Atrytonopsis hianna,Atrytonopsis hianna,,,1395,"Diggs, Lipscomb & O'Kennon 1999, Appendix Ten (Larval Host Plants of Lepidoptera of North Central Texas, compiled by JoAnn Karges)"
butterflies,CUPRESSACEAE,Sorghum spp.,Sorghum,EUFALA SKIPPER,Lerodea eufala,Lerodea eufala,,,1395,"Diggs, Lipscomb & O'Kennon 1999, Appendix Ten (Larval Host Plants of Lepidoptera of North Central Texas, compiled by JoAnn Karges)"
butterflies,CUPRESSACEAE,Zea mays,Zea,EUFALA SKIPPER,Lerodea eufala,Lerodea eufala,,,1395,"Diggs, Lipscomb & O'Kennon 1999, Appendix Ten (Larval Host Plants of Lepidoptera of North Central Texas, compiled by JoAnn Karges)"
butterflies,CYPERACEAE,Megisto,Megisto,BROADWINGED SKIPPER,Poanes viator,Poanes viator,,,1395,"Diggs, Lipscomb & O'Kennon 1999, Appendix Ten (Larval Host Plants of Lepidoptera of North Central Texas, compiled by JoAnn Karges)"
butterflies,CYPERACEAE,Carex spp.,Carex,BROADWINGED SKIPPER,Poanes viator,Poanes viator,,,1395,"Diggs, Lipscomb & O'Kennon 1999, Appendix Ten (Larval Host Plants of Lepidoptera of North Central Texas, compiled by JoAnn Karges)"
butterflies,CYPERACEAE,Megisto,Megisto,DUN SKIPPER,Euphyes vestris,Euphyes vestris,,,1395,"Diggs, Lipscomb & O'Kennon 1999, Appendix Ten (Larval Host Plants of Lepidoptera of North Central Texas, compiled by JoAnn Karges)"
butterflies,CYPERACEAE,Carex spp.,Carex,DUN SKIPPER,Euphyes vestris,Euphyes vestris,,,1395,"Diggs, Lipscomb & O'Kennon 1999, Appendix Ten (Larval Host Plants of Lepidoptera of North Central Texas, compiled by JoAnn Karges)"
butterflies,AGAVACEAE,Yucca spp.,Yucca,GIANT YUCCA SKIPPER,Megathymus yuccae,Megathymus yuccae,,,1395,"Diggs, Lipscomb & O'Kennon 1999, Appendix Ten (Larval Host Plants of Lepidoptera of North Central Texas, compiled by JoAnn Karges)"
butterflies,CANNACEAE,Canna spp.,Canna,BRAZILIAN SKIPPER,Calpodes ethlius,Calpodes ethlius,,,1395,"Diggs, Lipscomb & O'Kennon 1999, Appendix Ten (Larval Host Plants of Lepidoptera of North Central Texas, compiled by JoAnn Karges)"
butterflies,SALICACEAE,Populus deltoides,Populus,TIGER SWALLOWTAIL,Papilio glaucus,Papilio glaucus,,,1395,"Diggs, Lipscomb & O'Kennon 1999, Appendix Ten (Larval Host Plants of Lepidoptera of North Central Texas, compiled by JoAnn Karges)"
butterflies,SALICACEAE,Salix spp.,Salix,TIGER SWALLOWTAIL,Papilio glaucus,Papilio glaucus,,,1395,"Diggs, Lipscomb & O'Kennon 1999, Appendix Ten (Larval Host Plants of Lepidoptera of North Central Texas, compiled by JoAnn Karges)"
butterflies,SALICACEAE,Salix spp.,Salix,VICEROY,Liminitis archippus,Liminitis archippus,,,1395,"Diggs, Lipscomb & O'Kennon 1999, Appendix Ten (Larval Host Plants of Lepidoptera of North Central Texas, compiled by JoAnn Karges)"
butterflies,SALICACEAE,Salix spp.,Salix,RED-SPOTTED PURPLE,Liminitis arthemis astyanax,Liminitis arthemis astyanax,,,1395,"Diggs, Lipscomb & O'Kennon 1999, Appendix Ten (Larval Host Plants of Lepidoptera of North Central Texas, compiled by JoAnn Karges)"
butterflies,SALICACEAE,Salix spp.,Salix,MOURNING CLOAK,Nymphalis antiope,Nymphalis antiope,,,1395,"Diggs, Lipscomb & O'Kennon 1999, Appendix Ten (Larval Host Plants of Lepidoptera of North Central Texas, compiled by JoAnn Karges)"
butterflies,MYRICACEAE,Myrica cerifera,Myrica,RED-BANDED HAIRSTREAK,Calycopis cecrops,Calycopis cecrops,,,1396,"Diggs, Lipscomb & O'Kennon 1999, Appendix Ten (Larval Host Plants of Lepidoptera of North Central Texas, compiled by JoAnn Karges)"
butterflies,JUGLANDACEAE,Juglans spp.,Juglans,BANDED HAIRSTREAK,Satyrium calanus,Satyrium calanus,,,1396,"Diggs, Lipscomb & O'Kennon 1999, Appendix Ten (Larval Host Plants of Lepidoptera of North Central Texas, compiled by JoAnn Karges)"
butterflies,JUGLANDACEAE,Carya spp.,Carya,STRIPED HAIRSTREAK,Satyrium liparops,Satyrium liparops,,,1396,"Diggs, Lipscomb & O'Kennon 1999, Appendix Ten (Larval Host Plants of Lepidoptera of North Central Texas, compiled by JoAnn Karges)"
butterflies,FAGACEAE,Quercus spp.,Quercus,CALIFORNIA SISTER,Adelpha bredowi,Adelpha bredowi,,,1396,"Diggs, Lipscomb & O'Kennon 1999, Appendix Ten (Larval Host Plants of Lepidoptera of North Central Texas, compiled by JoAnn Karges)"
butterflies,FAGACEAE,Quercus spp.,Quercus,BANDED HAIRSTREAK,Satyrium calanus,Satyrium calanus,,,1396,"Diggs, Lipscomb & O'Kennon 1999, Appendix Ten (Larval Host Plants of Lepidoptera of North Central Texas, compiled by JoAnn Karges)"
butterflies,FAGACEAE,Quercus spp.,Quercus,NORTHERN HAIRSTREAK,Fixsenia favonius,Fixsenia favonius,,,1396,"Diggs, Lipscomb & O'Kennon 1999, Appendix Ten (Larval Host Plants of Lepidoptera of North Central Texas, compiled by JoAnn Karges)"
butterflies,FAGACEAE,Quercus spp.,Quercus,JUVENAL’S DUSKYWING,Erynnis juvenalis,Erynnis juvenalis,,,1396,"Diggs, Lipscomb & O'Kennon 1999, Appendix Ten (Larval Host Plants of Lepidoptera of North Central Texas, compiled by JoAnn Karges)"
butterflies,FAGACEAE,Quercus spp.,Quercus,HORACE’S DUSKYWING,Erynnis horatius,Erynnis horatius,,,1396,"Diggs, Lipscomb & O'Kennon 1999, Appendix Ten (Larval Host Plants of Lepidoptera of North Central Texas, compiled by JoAnn Karges)"
butterflies,FAGACEAE,Quercus spp.,Quercus,SLEEPY DUSKYWING,Erynnis brizo,Erynnis brizo,,,1396,"Diggs, Lipscomb & O'Kennon 1999, Appendix Ten (Larval Host Plants of Lepidoptera of North Central Texas, compiled by JoAnn Karges)"
butterflies,ULMACEAE,Ulmus spp.,Ulmus,TIGER SWALLOWTAIL,Papilio glaucus,Papilio glaucus,,,1396,"Diggs, Lipscomb & O'Kennon 1999, Appendix Ten (Larval Host Plants of Lepidoptera of North Central Texas, compiled by JoAnn Karges)"
butterflies,ULMACEAE,Ulmus spp.,Ulmus,RED-SPOTTED PURPLE,Limenitis arthemis astyanax,Limenitis arthemis astyanax,,,1396,"Diggs, Lipscomb & O'Kennon 1999, Appendix Ten (Larval Host Plants of Lepidoptera of North Central Texas, compiled by JoAnn Karges)"
butterflies,ULMACEAE,Ulmus spp.,Ulmus,MOURNING CLOAK,Nymphalis antiope,Nymphalis antiope,,,1396,"Diggs, Lipscomb & O'Kennon 1999, Appendix Ten (Larval Host Plants of Lepidoptera of North Central Texas, compiled by JoAnn Karges)"
butterflies,ULMACEAE,Ulmus spp.,Ulmus,QUESTIONMARK,Polygonia interragationis,Polygonia interragationis,,,1396,"Diggs, Lipscomb & O'Kennon 1999, Appendix Ten (Larval Host Plants of Lepidoptera of North Central Texas, compiled by JoAnn Karges)"
butterflies,ULMACEAE,Celtis spp.,Celtis,HACKBERRY BUTTERFLY,Asterocampa celtis,Asterocampa celtis,,,1396,"Diggs, Lipscomb & O'Kennon 1999, Appendix Ten (Larval Host Plants of Lepidoptera of North Central Texas, compiled by JoAnn Karges)"
butterflies,ULMACEAE,Celtis spp.,Celtis,TAWNY EMPEROR,Asterocampa clyton,Asterocampa clyton,,,1396,"Diggs, Lipscomb & O'Kennon 1999, Appendix Ten (Larval Host Plants of Lepidoptera of North Central Texas, compiled by JoAnn Karges)"
butterflies,ULMACEAE,Celtis spp.,Celtis,QUESTIONMARK,Polygonia interragationis,Polygonia interragationis,,,1396,"Diggs, Lipscomb & O'Kennon 1999, Appendix Ten (Larval Host Plants of Lepidoptera of North Central Texas, compiled by JoAnn Karges)"
butterflies,ULMACEAE,Celtis spp.,Celtis,SNOUT BUTTERFLY,Libytheana carinenta,Libytheana carinenta,,,1396,"Diggs, Lipscomb & O'Kennon 1999, Appendix Ten (Larval Host Plants of Lepidoptera of North Central Texas, compiled by JoAnn Karges)"
butterflies,MORACEAE,Morus spp.,Morus,MOURNING CLOAK,Nymphalis antiope,Nymphalis antiope,,,1396,"Diggs, Lipscomb & O'Kennon 1999, Appendix Ten (Larval Host Plants of Lepidoptera of North Central Texas, compiled by JoAnn Karges)"
butterflies,URTICACEAE,Urtica chamaedryoides,Urtica,RED ADMIRAL,Vanessa atalanta,Vanessa atalanta,,,1396,"Diggs, Lipscomb & O'Kennon 1999, Appendix Ten (Larval Host Plants of Lepidoptera of North Central Texas, compiled by JoAnn Karges)"
butterflies,VISCACEAE,Urtica chamaedryoides,Urtica,GREAT PURPLE HAIRSTREAK,Atlides halesus,Atlides halesus,,,1396,"Diggs, Lipscomb & O'Kennon 1999, Appendix Ten (Larval Host Plants of Lepidoptera of North Central Texas, compiled by JoAnn Karges)"
butterflies,ARISTOLOCHIACEAE,Aristolochia tomentosa,Aristolochia,PIPEVINE SWALLOWTAIL,Battus philenor,Battus philenor,,,1396,"Diggs, Lipscomb & O'Kennon 1999, Appendix Ten (Larval Host Plants of Lepidoptera of North Central Texas, compiled by JoAnn Karges)"
butterflies,CHENOPODIACEAE,Chenopodium album,Chenopodium,HAYHURST ’S SCALLOPWING,Staphylus hayhurstii,Staphylus hayhurstii,,,1396,"Diggs, Lipscomb & O'Kennon 1999, Appendix Ten (Larval Host Plants of Lepidoptera of North Central Texas, compiled by JoAnn Karges)"
butterflies,CHENOPODIACEAE,Chenopodium album,Chenopodium,COMMON SOOTYWING,Pholisora catullus,Pholisora catullus,,,1396,"Diggs, Lipscomb & O'Kennon 1999, Appendix Ten (Larval Host Plants of Lepidoptera of North Central Texas, compiled by JoAnn Karges)"
butterflies,AMARANTHACEAE,Amaranthus spp.,Amaranthus,COMMON SOOTYWING,Pholisora catullus,Pholisora catullus,,,1396,"Diggs, Lipscomb & O'Kennon 1999, Appendix Ten (Larval Host Plants of Lepidoptera of North Central Texas, compiled by JoAnn Karges)"
butterflies,BRASSICACEAE,Draba spp.,Draba,CHECKERED WHITE,Pontia protidice,Pontia protidice,,,1396,"Diggs, Lipscomb & O'Kennon 1999, Appendix Ten (Larval Host Plants of Lepidoptera of North Central Texas, compiled by JoAnn Karges)"
butterflies,BRASSICACEAE,Lesquerella spp.,Lesquerella,CHECKERED WHITE,Pontia protidice,Pontia protidice,,,1396,"Diggs, Lipscomb & O'Kennon 1999, Appendix Ten (Larval Host Plants of Lepidoptera of North Central Texas, compiled by JoAnn Karges)"
butterflies,BRASSICACEAE,Sisymbrium spp.,Sisymbrium,CHECKERED WHITE,Pontia protidice,Pontia protidice,,,1396,"Diggs, Lipscomb & O'Kennon 1999, Appendix Ten (Larval Host Plants of Lepidoptera of North Central Texas, compiled by JoAnn Karges)"
butterflies,BRASSICACEAE,Draba spp.,Draba,CABBAGE WHITE,Pieris rapae,Pieris rapae,,,1396,"Diggs, Lipscomb & O'Kennon 1999, Appendix Ten (Larval Host Plants of Lepidoptera of North Central Texas, compiled by JoAnn Karges)"
butterflies,BRASSICACEAE,Lesquerella spp.,Lesquerella,CABBAGE WHITE,Pieris rapae,Pieris rapae,,,1396,"Diggs, Lipscomb & O'Kennon 1999, Appendix Ten (Larval Host Plants of Lepidoptera of North Central Texas, compiled by JoAnn Karges)"
butterflies,BRASSICACEAE,Sisymbrium spp.,Sisymbrium,CABBAGE WHITE,Pieris rapae,Pieris rapae,,,1396,"Diggs, Lipscomb & O'Kennon 1999, Appendix Ten (Larval Host Plants of Lepidoptera of North Central Texas, compiled by JoAnn Karges)"
butterflies,BRASSICACEAE,Draba spp.,Draba,OLYMPIA MARBLE,Euchloë olympia,Euchloë olympia,,,1396,"Diggs, Lipscomb & O'Kennon 1999, Appendix Ten (Larval Host Plants of Lepidoptera of North Central Texas, compiled by JoAnn Karges)"
butterflies,BRASSICACEAE,Lesquerella spp.,Lesquerella,OLYMPIA MARBLE,Euchloë olympia,Euchloë olympia,,,1396,"Diggs, Lipscomb & O'Kennon 1999, Appendix Ten (Larval Host Plants of Lepidoptera of North Central Texas, compiled by JoAnn Karges)"
butterflies,BRASSICACEAE,Sisymbrium spp.,Sisymbrium,OLYMPIA MARBLE,Euchloë olympia,Euchloë olympia,,,1396,"Diggs, Lipscomb & O'Kennon 1999, Appendix Ten (Larval Host Plants of Lepidoptera of North Central Texas, compiled by JoAnn Karges)"
butterflies,BRASSICACEAE,Draba spp.,Draba,FALCATE ORANGETIP,Anthocaris midea,Anthocaris midea,,,1396,"Diggs, Lipscomb & O'Kennon 1999, Appendix Ten (Larval Host Plants of Lepidoptera of North Central Texas, compiled by JoAnn Karges)"
butterflies,BRASSICACEAE,Lesquerella spp.,Lesquerella,FALCATE ORANGETIP,Anthocaris midea,Anthocaris midea,,,1396,"Diggs, Lipscomb & O'Kennon 1999, Appendix Ten (Larval Host Plants of Lepidoptera of North Central Texas, compiled by JoAnn Karges)"
butterflies,BRASSICACEAE,Sisymbrium spp.,Sisymbrium,FALCATE ORANGETIP,Anthocaris midea,Anthocaris midea,,,1396,"Diggs, Lipscomb & O'Kennon 1999, Appendix Ten (Larval Host Plants of Lepidoptera of North Central Texas, compiled by JoAnn Karges)"
butterflies,ROSACEAE,Prunus mexicana,Prunus,RED-SPOTTED PURPLE,Limenitis arthemis astyanax,Limenitis arthemis astyanax,,The following are on both of these Prunus spp.:,1397,"Diggs, Lipscomb & O'Kennon 1999, Appendix Ten (Larval Host Plants of Lepidoptera of North Central Texas, compiled by JoAnn Karges)"
butterflies,ROSACEAE,Prunus gracilis,Prunus,RED-SPOTTED PURPLE,Limenitis arthemis astyanax,Limenitis arthemis astyanax,,The following are on both of these Prunus spp.:,1397,"Diggs, Lipscomb & O'Kennon 1999, Appendix Ten (Larval Host Plants of Lepidoptera of North Central Texas, compiled by JoAnn Karges)"
butterflies,ROSACEAE,Prunus mexicana,Prunus,GRAY HAIRSTREAK,Strymon melinus,Strymon melinus,,The following are on both of these Prunus spp.:,1397,"Diggs, Lipscomb & O'Kennon 1999, Appendix Ten (Larval Host Plants of Lepidoptera of North Central Texas, compiled by JoAnn Karges)"
butterflies,ROSACEAE,Prunus gracilis,Prunus,GRAY HAIRSTREAK,Strymon melinus,Strymon melinus,,The following are on both of these Prunus spp.:,1397,"Diggs, Lipscomb & O'Kennon 1999, Appendix Ten (Larval Host Plants of Lepidoptera of North Central Texas, compiled by JoAnn Karges)"
butterflies,ROSACEAE,Prunus mexicana,Prunus,BANDED HAIRSTREAK,Satyrium calanus,Satyrium calanus,,The following are on both of these Prunus spp.:,1397,"Diggs, Lipscomb & O'Kennon 1999, Appendix Ten (Larval Host Plants of Lepidoptera of North Central Texas, compiled by JoAnn Karges)"
butterflies,ROSACEAE,Prunus gracilis,Prunus,BANDED HAIRSTREAK,Satyrium calanus,Satyrium calanus,,The following are on both of these Prunus spp.:,1397,"Diggs, Lipscomb & O'Kennon 1999, Appendix Ten (Larval Host Plants of Lepidoptera of North Central Texas, compiled by JoAnn Karges)"
butterflies,ROSACEAE,Prunus mexicana,Prunus,CORAL HAIRSTREAK,Satyrium titus,Satyrium titus,,The following are on both of these Prunus spp.:,1397,"Diggs, Lipscomb & O'Kennon 1999, Appendix Ten (Larval Host Plants of Lepidoptera of North Central Texas, compiled by JoAnn Karges)"
butterflies,ROSACEAE,Prunus gracilis,Prunus,CORAL HAIRSTREAK,Satyrium titus,Satyrium titus,,The following are on both of these Prunus spp.:,1397,"Diggs, Lipscomb & O'Kennon 1999, Appendix Ten (Larval Host Plants of Lepidoptera of North Central Texas, compiled by JoAnn Karges)"
butterflies,ROSACEAE,Prunus mexicana,Prunus,STRIPED HAIRSTREAK,Satyrium liparops,Satyrium liparops,,The following are on both of these Prunus spp.:,1397,"Diggs, Lipscomb & O'Kennon 1999, Appendix Ten (Larval Host Plants of Lepidoptera of North Central Texas, compiled by JoAnn Karges)"
butterflies,ROSACEAE,Prunus gracilis,Prunus,STRIPED HAIRSTREAK,Satyrium liparops,Satyrium liparops,,The following are on both of these Prunus spp.:,1397,"Diggs, Lipscomb & O'Kennon 1999, Appendix Ten (Larval Host Plants of Lepidoptera of North Central Texas, compiled by JoAnn Karges)"
butterflies,FABACEAE,Acacia spp.,Acacia,OUTIS SKIPPER,Cogia outis,Cogia outis,,,1397,"Diggs, Lipscomb & O'Kennon 1999, Appendix Ten (Larval Host Plants of Lepidoptera of North Central Texas, compiled by JoAnn Karges)"
butterflies,FABACEAE,Desmanthus spp.,Desmanthus,HENRY’S ELFIN,Incisalia henrici,Incisalia henrici,,The following are on all three of these,1397,"Diggs, Lipscomb & O'Kennon 1999, Appendix Ten (Larval Host Plants of Lepidoptera of North Central Texas, compiled by JoAnn Karges)"
butterflies,FABACEAE,Prosopis spp.,Prosopis,HENRY’S ELFIN,Incisalia henrici,Incisalia henrici,,The following are on all three of these,1397,"Diggs, Lipscomb & O'Kennon 1999, Appendix Ten (Larval Host Plants of Lepidoptera of North Central Texas, compiled by JoAnn Karges)"
butterflies,FABACEAE,Desmanthus spp.,Desmanthus,REAKIRT ’S BLUE,Hemiargus isola,Hemiargus isola,,The following are on all three of these,1397,"Diggs, Lipscomb & O'Kennon 1999, Appendix Ten (Larval Host Plants of Lepidoptera of North Central Texas, compiled by JoAnn Karges)"
butterflies,FABACEAE,Prosopis spp.,Prosopis,REAKIRT ’S BLUE,Hemiargus isola,Hemiargus isola,,The following are on all three of these,1397,"Diggs, Lipscomb & O'Kennon 1999, Appendix Ten (Larval Host Plants of Lepidoptera of North Central Texas, compiled by JoAnn Karges)"
butterflies,FABACEAE,Desmanthus spp.,Desmanthus,CERAUNUS BLUE,Hemiargus ceraunus,Hemiargus ceraunus,,The following are on all three of these,1397,"Diggs, Lipscomb & O'Kennon 1999, Appendix Ten (Larval Host Plants of Lepidoptera of North Central Texas, compiled by JoAnn Karges)"
butterflies,FABACEAE,Prosopis spp.,Prosopis,CERAUNUS BLUE,Hemiargus ceraunus,Hemiargus ceraunus,,The following are on all three of these,1397,"Diggs, Lipscomb & O'Kennon 1999, Appendix Ten (Larval Host Plants of Lepidoptera of North Central Texas, compiled by JoAnn Karges)"
butterflies,FABACEAE,Desmanthus spp.,Desmanthus,EASTERN TAILED BLUE,Everes comyntas,Everes comyntas,,The following are on all three of these,1397,"Diggs, Lipscomb & O'Kennon 1999, Appendix Ten (Larval Host Plants of Lepidoptera of North Central Texas, compiled by JoAnn Karges)"
butterflies,FABACEAE,Prosopis spp.,Prosopis,EASTERN TAILED BLUE,Everes comyntas,Everes comyntas,,The following are on all three of these,1397,"Diggs, Lipscomb & O'Kennon 1999, Appendix Ten (Larval Host Plants of Lepidoptera of North Central Texas, compiled by JoAnn Karges)"
butterflies,FABACEAE,Desmanthus spp.,Desmanthus,MARINE BLUE,Leptotes marina,Leptotes marina,,The following are on all three of these,1397,"Diggs, Lipscomb & O'Kennon 1999, Appendix Ten (Larval Host Plants of Lepidoptera of North Central Texas, compiled by JoAnn Karges)"
butterflies,FABACEAE,Prosopis spp.,Prosopis,MARINE BLUE,Leptotes marina,Leptotes marina,,The following are on all three of these,1397,"Diggs, Lipscomb & O'Kennon 1999, Appendix Ten (Larval Host Plants of Lepidoptera of North Central Texas, compiled by JoAnn Karges)"
butterflies,FABACEAE,Cercis canadensis,Cercis,HENRY’S ELFIN,Incisalia henrici,Incisalia henrici,,,1397,"Diggs, Lipscomb & O'Kennon 1999, Appendix Ten (Larval Host Plants of Lepidoptera of North Central Texas, compiled by JoAnn Karges)"
butterflies,FABACEAE,Chamaecrista fasciculata,Chamaecrista,CLOUDLESS SULPHUR,Phoebis sennae,Phoebis sennae,,,1397,"Diggs, Lipscomb & O'Kennon 1999, Appendix Ten (Larval Host Plants of Lepidoptera of North Central Texas, compiled by JoAnn Karges)"
butterflies,FABACEAE,Chamaecrista fasciculata,Chamaecrista,LITTLE SULPHUR,Eurema lisa,Eurema lisa,,,1397,"Diggs, Lipscomb & O'Kennon 1999, Appendix Ten (Larval Host Plants of Lepidoptera of North Central Texas, compiled by JoAnn Karges)"
butterflies,FABACEAE,Senna roemeriana,Senna,SLEEPY ORANGE,Eurema nicippe,Eurema nicippe,,,1397,"Diggs, Lipscomb & O'Kennon 1999, Appendix Ten (Larval Host Plants of Lepidoptera of North Central Texas, compiled by JoAnn Karges)"
butterflies,FABACEAE,Sophora spp.,Sophora,HENRY’S ELFIN,Incisalia henrici,Incisalia henrici,,,1397,"Diggs, Lipscomb & O'Kennon 1999, Appendix Ten (Larval Host Plants of Lepidoptera of North Central Texas, compiled by JoAnn Karges)"
butterflies,FABACEAE,Baptisia spp.,Baptisia,CLOUDED SULPHUR,Colias philodice,Colias philodice,,,1397,"Diggs, Lipscomb & O'Kennon 1999, Appendix Ten (Larval Host Plants of Lepidoptera of North Central Texas, compiled by JoAnn Karges)"
butterflies,FABACEAE,Baptisia spp.,Baptisia,ALFALFA BUTTERFLY,Colias eurytheme,Colias eurytheme,,,1397,"Diggs, Lipscomb & O'Kennon 1999, Appendix Ten (Larval Host Plants of Lepidoptera of North Central Texas, compiled by JoAnn Karges)"
butterflies,FABACEAE,Baptisia spp.,Baptisia,EASTERN TAILED BLUE,Everes comyntas,Everes comyntas,,,1397,"Diggs, Lipscomb & O'Kennon 1999, Appendix Ten (Larval Host Plants of Lepidoptera of North Central Texas, compiled by JoAnn Karges)"
butterflies,FABACEAE,Baptisia spp.,Baptisia,WILD INDIGO DUSKY-WING,Erynnis baptisiae,Erynnis baptisiae,,,1397,"Diggs, Lipscomb & O'Kennon 1999, Appendix Ten (Larval Host Plants of Lepidoptera of North Central Texas, compiled by JoAnn Karges)"
butterflies,FABACEAE,Lupinus texensis,Lupinus,CLOUDED SULPHUR,Colias phiodice,Colias phiodice,,,1397,"Diggs, Lipscomb & O'Kennon 1999, Appendix Ten (Larval Host Plants of Lepidoptera of North Central Texas, compiled by JoAnn Karges)"
butterflies,FABACEAE,Lupinus texensis,Lupinus,HENRY’S ELFIN,Incisalia henrici,Incisalia henrici,,,1397,"Diggs, Lipscomb & O'Kennon 1999, Appendix Ten (Larval Host Plants of Lepidoptera of North Central Texas, compiled by JoAnn Karges)"
butterflies,FABACEAE,Lupinus texensis,Lupinus,EASTERN TAILED BLUE,Everes comyntas,Everes comyntas,,,1397,"Diggs, Lipscomb & O'Kennon 1999, Appendix Ten (Larval Host Plants of Lepidoptera of North Central Texas, compiled by JoAnn Karges)"
butterflies,FABACEAE,Lupinus texensis,Lupinus,WILD INDIGO DUSKYWING,Erynnis baptisiae,Erynnis baptisiae,,,1397,"Diggs, Lipscomb & O'Kennon 1999, Appendix Ten (Larval Host Plants of Lepidoptera of North Central Texas, compiled by JoAnn Karges)"
butterflies,FABACEAE,Trifolium spp.,Trifolium,CLOUDED SULPHUR,Colias philodice,Colias philodice,,The following are on all three of these,1397,"Diggs, Lipscomb & O'Kennon 1999, Appendix Ten (Larval Host Plants of Lepidoptera of North Central Texas, compiled by JoAnn Karges)"
butterflies,FABACEAE,Trifolium spp.,Trifolium,ORANGE SULPHUR,Colias eurytheme,Colias eurytheme,,The following are on all three of these,1397,"Diggs, Lipscomb & O'Kennon 1999, Appendix Ten (Larval Host Plants of Lepidoptera of North Central Texas, compiled by JoAnn Karges)"
butterflies,FABACEAE,Trifolium spp.,Trifolium,DOGFACE SULPHUR,Colias cesonia,Colias cesonia,,The following are on all three of these,1397,"Diggs, Lipscomb & O'Kennon 1999, Appendix Ten (Larval Host Plants of Lepidoptera of North Central Texas, compiled by JoAnn Karges)"
butterflies,FABACEAE,Amorpha spp.,Amorpha,DOGFACE SULPHUR,Colias cesonia,Colias cesonia,,,1397,"Diggs, Lipscomb & O'Kennon 1999, Appendix Ten (Larval Host Plants of Lepidoptera of North Central Texas, compiled by JoAnn Karges)"
butterflies,FABACEAE,Amorpha spp.,Amorpha,MARINE BLUE,Leptotes marina,Leptotes marina,,,1397,"Diggs, Lipscomb & O'Kennon 1999, Appendix Ten (Larval Host Plants of Lepidoptera of North Central Texas, compiled by JoAnn Karges)"
butterflies,FABACEAE,Amorpha spp.,Amorpha,SILVER-SPOTTED SKIPPER,Epargyrus clara,Epargyrus clara,,,1397,"Diggs, Lipscomb & O'Kennon 1999, Appendix Ten (Larval Host Plants of Lepidoptera of North Central Texas, compiled by JoAnn Karges)"
butterflies,FABACEAE,Amorpha spp.,Amorpha,NORTHERN CLOUDYWING,Thorybes pylades,Thorybes pylades,,,1397,"Diggs, Lipscomb & O'Kennon 1999, Appendix Ten (Larval Host Plants of Lepidoptera of North Central Texas, compiled by JoAnn Karges)"
butterflies,FABACEAE,Amorpha spp.,Amorpha,DOGFACE SULPHUR,Colias cesonia,Colias cesonia,,,1398,"Diggs, Lipscomb & O'Kennon 1999, Appendix Ten (Larval Host Plants of Lepidoptera of North Central Texas, compiled by JoAnn Karges)"
butterflies,FABACEAE,Amorpha spp.,Amorpha,REAKIRT ’S BLUE,Hemiargus isola,Hemiargus isola,,,1398,"Diggs, Lipscomb & O'Kennon 1999, Appendix Ten (Larval Host Plants of Lepidoptera of North Central Texas, compiled by JoAnn Karges)"
butterflies,FABACEAE,Amorpha spp.,Amorpha,MARINE BLUE,Leptotes marina,Leptotes marina,,,1398,"Diggs, Lipscomb & O'Kennon 1999, Appendix Ten (Larval Host Plants of Lepidoptera of North Central Texas, compiled by JoAnn Karges)"
butterflies,FABACEAE,Indigofera miniata,Indigofera,REAKIRT ’S BLUE,Hemiargus isola,Hemiargus isola,,,1398,"Diggs, Lipscomb & O'Kennon 1999, Appendix Ten (Larval Host Plants of Lepidoptera of North Central Texas, compiled by JoAnn Karges)"
butterflies,FABACEAE,Indigofera miniata,Indigofera,FUNEREAL DUSKYWING,Erynnis funeralis,Erynnis funeralis,,,1398,"Diggs, Lipscomb & O'Kennon 1999, Appendix Ten (Larval Host Plants of Lepidoptera of North Central Texas, compiled by JoAnn Karges)"
butterflies,FABACEAE,Robinia pseudoacacia,Robinia,FUNEREAL DUSKYWING,Erynnis funeralis,Erynnis funeralis,,,1398,"Diggs, Lipscomb & O'Kennon 1999, Appendix Ten (Larval Host Plants of Lepidoptera of North Central Texas, compiled by JoAnn Karges)"
butterflies,FABACEAE,Sesbania spp.,Sesbania,FUNEREAL DUSKYWING,Erynnis funeralis,Erynnis funeralis,,,1398,"Diggs, Lipscomb & O'Kennon 1999, Appendix Ten (Larval Host Plants of Lepidoptera of North Central Texas, compiled by JoAnn Karges)"
butterflies,FABACEAE,Wisteria spp.,Wisteria,SILVER-SPOTTED SKIPPER,Epargyrus clarus,Epargyrus clarus,,,1398,"Diggs, Lipscomb & O'Kennon 1999, Appendix Ten (Larval Host Plants of Lepidoptera of North Central Texas, compiled by JoAnn Karges)"
butterflies,FABACEAE,Wisteria spp.,Wisteria,CLOUDED SULPHUR,Colias philodice,Colias philodice,,,1398,"Diggs, Lipscomb & O'Kennon 1999, Appendix Ten (Larval Host Plants of Lepidoptera of North Central Texas, compiled by JoAnn Karges)"
butterflies,FABACEAE,Wisteria spp.,Wisteria,ORANGE SULPHUR,Colias eurytheme,Colias eurytheme,,,1398,"Diggs, Lipscomb & O'Kennon 1999, Appendix Ten (Larval Host Plants of Lepidoptera of North Central Texas, compiled by JoAnn Karges)"
butterflies,FABACEAE,Wisteria spp.,Wisteria,SOUTHERN CLOUDYWING,Thorybes bathyllus,Thorybes bathyllus,,,1398,"Diggs, Lipscomb & O'Kennon 1999, Appendix Ten (Larval Host Plants of Lepidoptera of North Central Texas, compiled by JoAnn Karges)"
butterflies,FABACEAE,Wisteria spp.,Wisteria,NORTHERN CLOUDYWING,Thorybes pylades,Thorybes pylades,,,1398,"Diggs, Lipscomb & O'Kennon 1999, Appendix Ten (Larval Host Plants of Lepidoptera of North Central Texas, compiled by JoAnn Karges)"
butterflies,FABACEAE,Wisteria spp.,Wisteria,WILD INDIGO DUSKYWING,Erynnis baptisiae,Erynnis baptisiae,,,1398,"Diggs, Lipscomb & O'Kennon 1999, Appendix Ten (Larval Host Plants of Lepidoptera of North Central Texas, compiled by JoAnn Karges)"
butterflies,FABACEAE,Desmodium spp.,Desmodium,EASTERN-TAILED BLUE,Everes comyntas,Everes comyntas,,The following are on both of these,1398,"Diggs, Lipscomb & O'Kennon 1999, Appendix Ten (Larval Host Plants of Lepidoptera of North Central Texas, compiled by JoAnn Karges)"
butterflies,FABACEAE,Lespedeza spp.,Lespedeza,EASTERN-TAILED BLUE,Everes comyntas,Everes comyntas,,The following are on both of these,1398,"Diggs, Lipscomb & O'Kennon 1999, Appendix Ten (Larval Host Plants of Lepidoptera of North Central Texas, compiled by JoAnn Karges)"
butterflies,FABACEAE,Desmodium spp.,Desmodium,SILVER-SPOTTED SKIPPER,Epargyrus clarus,Epargyrus clarus,,The following are on both of these,1398,"Diggs, Lipscomb & O'Kennon 1999, Appendix Ten (Larval Host Plants of Lepidoptera of North Central Texas, compiled by JoAnn Karges)"
butterflies,FABACEAE,Lespedeza spp.,Lespedeza,SILVER-SPOTTED SKIPPER,Epargyrus clarus,Epargyrus clarus,,The following are on both of these,1398,"Diggs, Lipscomb & O'Kennon 1999, Appendix Ten (Larval Host Plants of Lepidoptera of North Central Texas, compiled by JoAnn Karges)"
butterflies,FABACEAE,Desmodium spp.,Desmodium,SOUTHERN CLOUDYWING,Thorybes bathyllus,Thorybes bathyllus,,The following are on both of these,1398,"Diggs, Lipscomb & O'Kennon 1999, Appendix Ten (Larval Host Plants of Lepidoptera of North Central Texas, compiled by JoAnn Karges)"
butterflies,FABACEAE,Lespedeza spp.,Lespedeza,SOUTHERN CLOUDYWING,Thorybes bathyllus,Thorybes bathyllus,,The following are on both of these,1398,"Diggs, Lipscomb & O'Kennon 1999, Appendix Ten (Larval Host Plants of Lepidoptera of North Central Texas, compiled by JoAnn Karges)"
butterflies,FABACEAE,Desmodium spp.,Desmodium,NORTHERN CLOUDYWING,Thorybes pylades,Thorybes pylades,,The following are on both of these,1398,"Diggs, Lipscomb & O'Kennon 1999, Appendix Ten (Larval Host Plants of Lepidoptera of North Central Texas, compiled by JoAnn Karges)"
butterflies,FABACEAE,Lespedeza spp.,Lespedeza,NORTHERN CLOUDYWING,Thorybes pylades,Thorybes pylades,,The following are on both of these,1398,"Diggs, Lipscomb & O'Kennon 1999, Appendix Ten (Larval Host Plants of Lepidoptera of North Central Texas, compiled by JoAnn Karges)"
butterflies,FABACEAE,Vicia spp.,Vicia,CLOUDED SULPHUR,Colias philodice,Colias philodice,,,1398,"Diggs, Lipscomb & O'Kennon 1999, Appendix Ten (Larval Host Plants of Lepidoptera of North Central Texas, compiled by JoAnn Karges)"
butterflies,FABACEAE,Vicia spp.,Vicia,ORANGE SULPHUR,Colias eurytheme,Colias eurytheme,,,1398,"Diggs, Lipscomb & O'Kennon 1999, Appendix Ten (Larval Host Plants of Lepidoptera of North Central Texas, compiled by JoAnn Karges)"
butterflies,FABACEAE,Vicia spp.,Vicia,NORTHERN CLOUDYWING,Thorybes pylades,Thorybes pylades,,,1398,"Diggs, Lipscomb & O'Kennon 1999, Appendix Ten (Larval Host Plants of Lepidoptera of North Central Texas, compiled by JoAnn Karges)"
butterflies,FABACEAE,Vicia spp.,Vicia,FUNEREAL DUSKYWING,Erynnis funeralis,Erynnis funeralis,,,1398,"Diggs, Lipscomb & O'Kennon 1999, Appendix Ten (Larval Host Plants of Lepidoptera of North Central Texas, compiled by JoAnn Karges)"
butterflies,FABACEAE,Centrosema virginianum,Centrosema,ORANGE SULPHUR,Colias curytheme,Colias curytheme,,,1398,"Diggs, Lipscomb & O'Kennon 1999, Appendix Ten (Larval Host Plants of Lepidoptera of North Central Texas, compiled by JoAnn Karges)"
butterflies,FABACEAE,Galactea spp.,Galactea,ORANGE SULPHUR,Colias curytheme,Colias curytheme,,,1398,"Diggs, Lipscomb & O'Kennon 1999, Appendix Ten (Larval Host Plants of Lepidoptera of North Central Texas, compiled by JoAnn Karges)"
butterflies,FABACEAE,Rhynchosia spp.,Rhynchosia,ORANGE SULPHUR,Colias curytheme,Colias curytheme,,,1398,"Diggs, Lipscomb & O'Kennon 1999, Appendix Ten (Larval Host Plants of Lepidoptera of North Central Texas, compiled by JoAnn Karges)"
butterflies,FABACEAE,Centrosema virginianum,Centrosema,MARINE BLUE,Leptotes marina,Leptotes marina,,,1398,"Diggs, Lipscomb & O'Kennon 1999, Appendix Ten (Larval Host Plants of Lepidoptera of North Central Texas, compiled by JoAnn Karges)"
butterflies,FABACEAE,Galactea spp.,Galactea,MARINE BLUE,Leptotes marina,Leptotes marina,,,1398,"Diggs, Lipscomb & O'Kennon 1999, Appendix Ten (Larval Host Plants of Lepidoptera of North Central Texas, compiled by JoAnn Karges)"
butterflies,FABACEAE,Rhynchosia spp.,Rhynchosia,MARINE BLUE,Leptotes marina,Leptotes marina,,,1398,"Diggs, Lipscomb & O'Kennon 1999, Appendix Ten (Larval Host Plants of Lepidoptera of North Central Texas, compiled by JoAnn Karges)"
butterflies,FABACEAE,Centrosema virginianum,Centrosema,EASTERN TAILED BLUE,Everes comyntas,Everes comyntas,,,1398,"Diggs, Lipscomb & O'Kennon 1999, Appendix Ten (Larval Host Plants of Lepidoptera of North Central Texas, compiled by JoAnn Karges)"
butterflies,FABACEAE,Galactea spp.,Galactea,EASTERN TAILED BLUE,Everes comyntas,Everes comyntas,,,1398,"Diggs, Lipscomb & O'Kennon 1999, Appendix Ten (Larval Host Plants of Lepidoptera of North Central Texas, compiled by JoAnn Karges)"
butterflies,FABACEAE,Rhynchosia spp.,Rhynchosia,EASTERN TAILED BLUE,Everes comyntas,Everes comyntas,,,1398,"Diggs, Lipscomb & O'Kennon 1999, Appendix Ten (Larval Host Plants of Lepidoptera of North Central Texas, compiled by JoAnn Karges)"
butterflies,FABACEAE,Centrosema virginianum,Centrosema,SILVER-SPOTTED SKIPPER,Epargyrus clarus,Epargyrus clarus,,,1398,"Diggs, Lipscomb & O'Kennon 1999, Appendix Ten (Larval Host Plants of Lepidoptera of North Central Texas, compiled by JoAnn Karges)"
butterflies,FABACEAE,Galactea spp.,Galactea,SILVER-SPOTTED SKIPPER,Epargyrus clarus,Epargyrus clarus,,,1398,"Diggs, Lipscomb & O'Kennon 1999, Appendix Ten (Larval Host Plants of Lepidoptera of North Central Texas, compiled by JoAnn Karges)"
butterflies,FABACEAE,Rhynchosia spp.,Rhynchosia,SILVER-SPOTTED SKIPPER,Epargyrus clarus,Epargyrus clarus,,,1398,"Diggs, Lipscomb & O'Kennon 1999, Appendix Ten (Larval Host Plants of Lepidoptera of North Central Texas, compiled by JoAnn Karges)"
butterflies,LINACEAE,Linum spp.,Linum,VARIEGATED FRITILLARY,Euptoieta claudia,Euptoieta claudia,,,1398,"Diggs, Lipscomb & O'Kennon 1999, Appendix Ten (Larval Host Plants of Lepidoptera of North Central Texas, compiled by JoAnn Karges)"
butterflies,RUTACEAE,Zanthoxylum spp.,Zanthoxylum,GIANT SWALLOWTAIL,Papilio cresphontes,Papilio cresphontes,,,1398,"Diggs, Lipscomb & O'Kennon 1999, Appendix Ten (Larval Host Plants of Lepidoptera of North Central Texas, compiled by JoAnn Karges)"
butterflies,RUTACEAE,Ptelea trifoliata,Ptelea,GIANT SWALLOWTAIL,Papilio cresphontes,Papilio cresphontes,,,1398,"Diggs, Lipscomb & O'Kennon 1999, Appendix Ten (Larval Host Plants of Lepidoptera of North Central Texas, compiled by JoAnn Karges)"
butterflies,EUPHORBIACEAE,Croton capitatus,Croton,GOATWEED LEAFWING,Anaea andria,Anaea andria,,,1398,"Diggs, Lipscomb & O'Kennon 1999, Appendix Ten (Larval Host Plants of Lepidoptera of North Central Texas, compiled by JoAnn Karges)"
butterflies,EUPHORBIACEAE,Crotonopsis linearis,Crotonopsis,RED-BANDED HAIRSTREAK,Calycopis cecrops,Calycopis cecrops,,,1398,"Diggs, Lipscomb & O'Kennon 1999, Appendix Ten (Larval Host Plants of Lepidoptera of North Central Texas, compiled by JoAnn Karges)"
butterflies,ANACARDIACEAE,Rhus aromatica,Rhus,RED-BANDED HAIRSTREAK,Calycopis cecrops,Calycopis cecrops,,,1399,"Diggs, Lipscomb & O'Kennon 1999, Appendix Ten (Larval Host Plants of Lepidoptera of North Central Texas, compiled by JoAnn Karges)"
butterflies,ANACARDIACEAE,Rhus copallinum,Rhus,RED-BANDED HAIRSTREAK,Calycopis cecrops,Calycopis cecrops,,,1399,"Diggs, Lipscomb & O'Kennon 1999, Appendix Ten (Larval Host Plants of Lepidoptera of North Central Texas, compiled by JoAnn Karges)"
butterflies,SAPINDACEAE,Sapindus saponaria,Sapindus,SOAPBERRY HAIRSTREAK,Phaeostrymon alcestis,Phaeostrymon alcestis,,,1399,"Diggs, Lipscomb & O'Kennon 1999, Appendix Ten (Larval Host Plants of Lepidoptera of North Central Texas, compiled by JoAnn Karges)"
butterflies,SAPINDACEAE,Ungnadia speciosa,Ungnadia,SOAPBERRY HAIRSTREAK,Phaeostrymon alcestis,Phaeostrymon alcestis,,,1399,"Diggs, Lipscomb & O'Kennon 1999, Appendix Ten (Larval Host Plants of Lepidoptera of North Central Texas, compiled by JoAnn Karges)"
butterflies,RHAMNACEAE,Ceanothus americanus,Ceanothus,RED-BANDED HAIRSTREAK,Calycopis cecrops,Calycopis cecrops,,,1399,"Diggs, Lipscomb & O'Kennon 1999, Appendix Ten (Larval Host Plants of Lepidoptera of North Central Texas, compiled by JoAnn Karges)"
butterflies,RHAMNACEAE,Ceanothus americanus,Ceanothus,MOTTLED DUSKYWING,Erynnis martialis,Erynnis martialis,,,1399,"Diggs, Lipscomb & O'Kennon 1999, Appendix Ten (Larval Host Plants of Lepidoptera of North Central Texas, compiled by JoAnn Karges)"
butterflies,MALVACEAE,Callirhoe spp.,Callirhoe,GRAY HAIRSTREAK,Strymon melinus,Strymon melinus,,,1399,"Diggs, Lipscomb & O'Kennon 1999, Appendix Ten (Larval Host Plants of Lepidoptera of North Central Texas, compiled by JoAnn Karges)"
butterflies,MALVACEAE,Sida spp.,Sida,GRAY HAIRSTREAK,Strymon melinus,Strymon melinus,,,1399,"Diggs, Lipscomb & O'Kennon 1999, Appendix Ten (Larval Host Plants of Lepidoptera of North Central Texas, compiled by JoAnn Karges)"
butterflies,MALVACEAE,Hibiscus spp.,Hibiscus,GRAY HAIRSTREAK,Strymon melinus,Strymon melinus,,,1399,"Diggs, Lipscomb & O'Kennon 1999, Appendix Ten (Larval Host Plants of Lepidoptera of North Central Texas, compiled by JoAnn Karges)"
butterflies,MALVACEAE,Malvaviscus spp.,Malvaviscus,GRAY HAIRSTREAK,Strymon melinus,Strymon melinus,,,1399,"Diggs, Lipscomb & O'Kennon 1999, Appendix Ten (Larval Host Plants of Lepidoptera of North Central Texas, compiled by JoAnn Karges)"
butterflies,MALVACEAE,Callirhoe spp.,Callirhoe,COMMON CHECKERED SKIPPER,Pyrgus communis,Pyrgus communis,,,1399,"Diggs, Lipscomb & O'Kennon 1999, Appendix Ten (Larval Host Plants of Lepidoptera of North Central Texas, compiled by JoAnn Karges)"
butterflies,MALVACEAE,Sida spp.,Sida,COMMON CHECKERED SKIPPER,Pyrgus communis,Pyrgus communis,,,1399,"Diggs, Lipscomb & O'Kennon 1999, Appendix Ten (Larval Host Plants of Lepidoptera of North Central Texas, compiled by JoAnn Karges)"
butterflies,MALVACEAE,Hibiscus spp.,Hibiscus,COMMON CHECKERED SKIPPER,Pyrgus communis,Pyrgus communis,,,1399,"Diggs, Lipscomb & O'Kennon 1999, Appendix Ten (Larval Host Plants of Lepidoptera of North Central Texas, compiled by JoAnn Karges)"
butterflies,MALVACEAE,Malvaviscus spp.,Malvaviscus,COMMON CHECKERED SKIPPER,Pyrgus communis,Pyrgus communis,,,1399,"Diggs, Lipscomb & O'Kennon 1999, Appendix Ten (Larval Host Plants of Lepidoptera of North Central Texas, compiled by JoAnn Karges)"
butterflies,MALVACEAE,Callirhoe spp.,Callirhoe,STREAKY SKIPPER,Celotes nessus,Celotes nessus,,,1399,"Diggs, Lipscomb & O'Kennon 1999, Appendix Ten (Larval Host Plants of Lepidoptera of North Central Texas, compiled by JoAnn Karges)"
butterflies,MALVACEAE,Sida spp.,Sida,STREAKY SKIPPER,Celotes nessus,Celotes nessus,,,1399,"Diggs, Lipscomb & O'Kennon 1999, Appendix Ten (Larval Host Plants of Lepidoptera of North Central Texas, compiled by JoAnn Karges)"
butterflies,MALVACEAE,Hibiscus spp.,Hibiscus,STREAKY SKIPPER,Celotes nessus,Celotes nessus,,,1399,"Diggs, Lipscomb & O'Kennon 1999, Appendix Ten (Larval Host Plants of Lepidoptera of North Central Texas, compiled by JoAnn Karges)"
butterflies,MALVACEAE,Malvaviscus spp.,Malvaviscus,STREAKY SKIPPER,Celotes nessus,Celotes nessus,,,1399,"Diggs, Lipscomb & O'Kennon 1999, Appendix Ten (Larval Host Plants of Lepidoptera of North Central Texas, compiled by JoAnn Karges)"
butterflies,VIOLACEAE,Viola spp.,Viola,VARIEGATED FRITILLARY,Euptoieta claudia,Euptoieta claudia,,,1399,"Diggs, Lipscomb & O'Kennon 1999, Appendix Ten (Larval Host Plants of Lepidoptera of North Central Texas, compiled by JoAnn Karges)"
butterflies,PASSIFLORACEAE,Passiflora affinis,Passiflora,GULF FRITILLARY,Agraulis vanillae,Agraulis vanillae,,,1399,"Diggs, Lipscomb & O'Kennon 1999, Appendix Ten (Larval Host Plants of Lepidoptera of North Central Texas, compiled by JoAnn Karges)"
butterflies,PASSIFLORACEAE,Passiflora lutea,Passiflora,VARIEGATED FRITILLARY,Euptoieta claudia,Euptoieta claudia,,,1399,"Diggs, Lipscomb & O'Kennon 1999, Appendix Ten (Larval Host Plants of Lepidoptera of North Central Texas, compiled by JoAnn Karges)"
butterflies,APIACEAE,Bifora spp.,Bifora,BLACK SWALLOWTAIL,Papilio polyxenes,Papilio polyxenes,,,1399,"Diggs, Lipscomb & O'Kennon 1999, Appendix Ten (Larval Host Plants of Lepidoptera of North Central Texas, compiled by JoAnn Karges)"
butterflies,APIACEAE,Daucus spp.,Daucus,BLACK SWALLOWTAIL,Papilio polyxenes,Papilio polyxenes,,,1399,"Diggs, Lipscomb & O'Kennon 1999, Appendix Ten (Larval Host Plants of Lepidoptera of North Central Texas, compiled by JoAnn Karges)"
butterflies,APIACEAE,Polytaenia nuttallii,Polytaenia,BLACK SWALLOWTAIL,Papilio polyxenes,Papilio polyxenes,,,1399,"Diggs, Lipscomb & O'Kennon 1999, Appendix Ten (Larval Host Plants of Lepidoptera of North Central Texas, compiled by JoAnn Karges)"
butterflies,EBENACEAE,Diospyros texana,Diospyros,HENRY’S ELFIN,Incisalia henrici,Incisalia henrici,,,1399,"Diggs, Lipscomb & O'Kennon 1999, Appendix Ten (Larval Host Plants of Lepidoptera of North Central Texas, compiled by JoAnn Karges)"
butterflies,EBENACEAE,Diospyros texana,Diospyros,GRAY HAIRSTREAK,Strymon melinus,Strymon melinus,,,1399,"Diggs, Lipscomb & O'Kennon 1999, Appendix Ten (Larval Host Plants of Lepidoptera of North Central Texas, compiled by JoAnn Karges)"
butterflies,OLEACEAE,Fraxinus spp.,Fraxinus,TIGER SWALLOWTAIL,Papilio glaucus,Papilio glaucus,,,1399,"Diggs, Lipscomb & O'Kennon 1999, Appendix Ten (Larval Host Plants of Lepidoptera of North Central Texas, compiled by JoAnn Karges)"
butterflies,APOCYNACEAE,Apocynum cannabinum,Apocynum,MONARCH,Danaus plexippus,Danaus plexippus,,,1399,"Diggs, Lipscomb & O'Kennon 1999, Appendix Ten (Larval Host Plants of Lepidoptera of North Central Texas, compiled by JoAnn Karges)"
butterflies,APOCYNACEAE,Apocynum cannabinum,Apocynum,QUEEN,Danaus gilippus,Danaus gilippus,,,1399,"Diggs, Lipscomb & O'Kennon 1999, Appendix Ten (Larval Host Plants of Lepidoptera of North Central Texas, compiled by JoAnn Karges)"
butterflies,ASCLEPIADACEAE,Asclepias spp.,Asclepias,MONARCH,Danaus plexippus,Danaus plexippus,,,1399,"Diggs, Lipscomb & O'Kennon 1999, Appendix Ten (Larval Host Plants of Lepidoptera of North Central Texas, compiled by JoAnn Karges)"
butterflies,ASCLEPIADACEAE,Asclepias spp.,Asclepias,QUEEN,Danaus gilippus,Danaus gilippus,,,1399,"Diggs, Lipscomb & O'Kennon 1999, Appendix Ten (Larval Host Plants of Lepidoptera of North Central Texas, compiled by JoAnn Karges)"
butterflies,ASCLEPIADACEAE,Sarcostemma spp.,Sarcostemma,QUEEN,Danaus gilippus,Danaus gilippus,,,1399,"Diggs, Lipscomb & O'Kennon 1999, Appendix Ten (Larval Host Plants of Lepidoptera of North Central Texas, compiled by JoAnn Karges)"
butterflies,VERBENACEAE,Lantana spp.,Lantana,GRAY HAIRSTREAK,Strymon melinus,Strymon melinus,,,1399,"Diggs, Lipscomb & O'Kennon 1999, Appendix Ten (Larval Host Plants of Lepidoptera of North Central Texas, compiled by JoAnn Karges)"
butterflies,VERBENACEAE,Lantana spp.,Lantana,PHAON CRESCENT,Phyciodes phaon,Phyciodes phaon,,,1399,"Diggs, Lipscomb & O'Kennon 1999, Appendix Ten (Larval Host Plants of Lepidoptera of North Central Texas, compiled by JoAnn Karges)"
butterflies,SCROPHULARIACEAE,Linaria texana,Linaria,BUCKEYE,Junonia coenia,Junonia coenia,,,1400,"Diggs, Lipscomb & O'Kennon 1999, Appendix Ten (Larval Host Plants of Lepidoptera of North Central Texas, compiled by JoAnn Karges)"
butterflies,SCROPHULARIACEAE,Castilleja spp.,Castilleja,BUCKEYE,Junonia coenia,Junonia coenia,,,1400,"Diggs, Lipscomb & O'Kennon 1999, Appendix Ten (Larval Host Plants of Lepidoptera of North Central Texas, compiled by JoAnn Karges)"
butterflies,ACANTHACEAE,Ruellia spp.,Ruellia,BUCKEYE,Junonia coenia,Junonia coenia,,,1400,"Diggs, Lipscomb & O'Kennon 1999, Appendix Ten (Larval Host Plants of Lepidoptera of North Central Texas, compiled by JoAnn Karges)"
butterflies,ACANTHACEAE,Ruellia spp.,Ruellia,TEXAS CRESCENT,Phyciodes texana,Phyciodes texana,,,1400,"Diggs, Lipscomb & O'Kennon 1999, Appendix Ten (Larval Host Plants of Lepidoptera of North Central Texas, compiled by JoAnn Karges)"
butterflies,PLANTAGINACEAE,Plantago spp.,Plantago,BUCKEYE,Junonia coenia,Junonia coenia,,,1400,"Diggs, Lipscomb & O'Kennon 1999, Appendix Ten (Larval Host Plants of Lepidoptera of North Central Texas, compiled by JoAnn Karges)"
butterflies,ASTERACEAE,Aster spp.,Aster,PEARL CRESCENT,Phyciodes tharos,Phyciodes tharos,,,1400,"Diggs, Lipscomb & O'Kennon 1999, Appendix Ten (Larval Host Plants of Lepidoptera of North Central Texas, compiled by JoAnn Karges)"
butterflies,ASTERACEAE,Helianthus annuus,Helianthus,BORDERED PATCHED,Chlosyne lacinia,Chlosyne lacinia,,,1400,"Diggs, Lipscomb & O'Kennon 1999, Appendix Ten (Larval Host Plants of Lepidoptera of North Central Texas, compiled by JoAnn Karges)"
butterflies,ASTERACEAE,Helianthus annuus,Helianthus,GORGONE CHECKERSPOT,Chlyosyne gorgone,Chlyosyne gorgone,,,1400,"Diggs, Lipscomb & O'Kennon 1999, Appendix Ten (Larval Host Plants of Lepidoptera of North Central Texas, compiled by JoAnn Karges)"
butterflies,ASTERACEAE,Helianthus annuus,Helianthus,SILVERY CHECKERSPOT,Chlosyne nycteis,Chlosyne nycteis,,,1400,"Diggs, Lipscomb & O'Kennon 1999, Appendix Ten (Larval Host Plants of Lepidoptera of North Central Texas, compiled by JoAnn Karges)"
butterflies,ASTERACEAE,Gnaphalium spp.,Gnaphalium,PAINTED LADY,Vanessa cardui,Vanessa cardui,,,1400,"Diggs, Lipscomb & O'Kennon 1999, Appendix Ten (Larval Host Plants of Lepidoptera of North Central Texas, compiled by JoAnn Karges)"
butterflies,ASTERACEAE,Helenium spp.,Helenium,DAINTY SULPHUR,Nathalis iole,Nathalis iole,,,1400,"Diggs, Lipscomb & O'Kennon 1999, Appendix Ten (Larval Host Plants of Lepidoptera of North Central Texas, compiled by JoAnn Karges)"
butterflies,ASTERACEAE,Palafoxia spp.,Palafoxia,DAINTY SULPHUR,Nathalis iole,Nathalis iole,,,1400,"Diggs, Lipscomb & O'Kennon 1999, Appendix Ten (Larval Host Plants of Lepidoptera of North Central Texas, compiled by JoAnn Karges)"
butterflies,ASTERACEAE,Dysodiopsis tagetoides,Dysodiopsis,DAINTY SULPHUR,Nathalis iole,Nathalis iole,,,1400,"Diggs, Lipscomb & O'Kennon 1999, Appendix Ten (Larval Host Plants of Lepidoptera of North Central Texas, compiled by JoAnn Karges)"
butterflies,ASTERACEAE,Artemisia spp.,Artemisia,AMERICAN PAINTED LADY,Vanessa virginiana,Vanessa virginiana,,,1400,"Diggs, Lipscomb & O'Kennon 1999, Appendix Ten (Larval Host Plants of Lepidoptera of North Central Texas, compiled by JoAnn Karges)"
butterflies,ASTERACEAE,Cirsium spp.,Cirsium,PAINTED LADY,Vanessa cardui,Vanessa cardui,,,1400,"Diggs, Lipscomb & O'Kennon 1999, Appendix Ten (Larval Host Plants of Lepidoptera of North Central Texas, compiled by JoAnn Karges)"
moths,SALICACEAE,Populus spp.,Populus,POLYPHEMUS,Antheraea polyphemus,Antheraea polyphemus,,The following are on both Populus and Salix:,1400,"Diggs, Lipscomb & O'Kennon 1999, Appendix Ten (Larval Host Plants of Lepidoptera of North Central Texas, compiled by JoAnn Karges)"
moths,SALICACEAE,Salix spp.,Salix,POLYPHEMUS,Antheraea polyphemus,Antheraea polyphemus,,The following are on both Populus and Salix:,1400,"Diggs, Lipscomb & O'Kennon 1999, Appendix Ten (Larval Host Plants of Lepidoptera of North Central Texas, compiled by JoAnn Karges)"
moths,SALICACEAE,Populus spp.,Populus,CECROPIA,Hylaphora cecropia,Hylaphora cecropia,,The following are on both Populus and Salix:,1400,"Diggs, Lipscomb & O'Kennon 1999, Appendix Ten (Larval Host Plants of Lepidoptera of North Central Texas, compiled by JoAnn Karges)"
moths,SALICACEAE,Salix spp.,Salix,CECROPIA,Hylaphora cecropia,Hylaphora cecropia,,The following are on both Populus and Salix:,1400,"Diggs, Lipscomb & O'Kennon 1999, Appendix Ten (Larval Host Plants of Lepidoptera of North Central Texas, compiled by JoAnn Karges)"
moths,SALICACEAE,Populus spp.,Populus,IO,Automeris io,Automeris io,,The following are on both Populus and Salix:,1400,"Diggs, Lipscomb & O'Kennon 1999, Appendix Ten (Larval Host Plants of Lepidoptera of North Central Texas, compiled by JoAnn Karges)"
moths,SALICACEAE,Salix spp.,Salix,IO,Automeris io,Automeris io,,The following are on both Populus and Salix:,1400,"Diggs, Lipscomb & O'Kennon 1999, Appendix Ten (Larval Host Plants of Lepidoptera of North Central Texas, compiled by JoAnn Karges)"
moths,SALICACEAE,Populus spp.,Populus,BIG POPULAR SPHINX,Pachysphinx modesta,Pachysphinx modesta,,The following are on both Populus and Salix:,1400,"Diggs, Lipscomb & O'Kennon 1999, Appendix Ten (Larval Host Plants of Lepidoptera of North Central Texas, compiled by JoAnn Karges)"
moths,SALICACEAE,Salix spp.,Salix,BIG POPULAR SPHINX,Pachysphinx modesta,Pachysphinx modesta,,The following are on both Populus and Salix:,1400,"Diggs, Lipscomb & O'Kennon 1999, Appendix Ten (Larval Host Plants of Lepidoptera of North Central Texas, compiled by JoAnn Karges)"
moths,SALICACEAE,Populus spp.,Populus,ONE-EYED SPHINX,Smerinthus cerisyi,Smerinthus cerisyi,,The following are on both Populus and Salix:,1400,"Diggs, Lipscomb & O'Kennon 1999, Appendix Ten (Larval Host Plants of Lepidoptera of North Central Texas, compiled by JoAnn Karges)"
moths,SALICACEAE,Salix spp.,Salix,ONE-EYED SPHINX,Smerinthus cerisyi,Smerinthus cerisyi,,The following are on both Populus and Salix:,1400,"Diggs, Lipscomb & O'Kennon 1999, Appendix Ten (Larval Host Plants of Lepidoptera of North Central Texas, compiled by JoAnn Karges)"
moths,SALICACEAE,Populus spp.,Populus,T WIN-SPOTTED SPHINX,Smerinthus jamaicensis,Smerinthus jamaicensis,,The following are on both Populus and Salix:,1400,"Diggs, Lipscomb & O'Kennon 1999, Appendix Ten (Larval Host Plants of Lepidoptera of North Central Texas, compiled by JoAnn Karges)"
moths,SALICACEAE,Salix spp.,Salix,T WIN-SPOTTED SPHINX,Smerinthus jamaicensis,Smerinthus jamaicensis,,The following are on both Populus and Salix:,1400,"Diggs, Lipscomb & O'Kennon 1999, Appendix Ten (Larval Host Plants of Lepidoptera of North Central Texas, compiled by JoAnn Karges)"
moths,SALICACEAE,Populus spp.,Populus,UNDERWING,Catocala junctura,Catocala junctura,,The following are on both Populus and Salix:,1400,"Diggs, Lipscomb & O'Kennon 1999, Appendix Ten (Larval Host Plants of Lepidoptera of North Central Texas, compiled by JoAnn Karges)"
moths,SALICACEAE,Salix spp.,Salix,UNDERWING,Catocala junctura,Catocala junctura,,The following are on both Populus and Salix:,1400,"Diggs, Lipscomb & O'Kennon 1999, Appendix Ten (Larval Host Plants of Lepidoptera of North Central Texas, compiled by JoAnn Karges)"
moths,SALICACEAE,Populus spp.,Populus,UNDERWING,Catocala amatrix,Catocala amatrix,,The following are on both Populus and Salix:,1400,"Diggs, Lipscomb & O'Kennon 1999, Appendix Ten (Larval Host Plants of Lepidoptera of North Central Texas, compiled by JoAnn Karges)"
moths,SALICACEAE,Salix spp.,Salix,UNDERWING,Catocala amatrix,Catocala amatrix,,The following are on both Populus and Salix:,1400,"Diggs, Lipscomb & O'Kennon 1999, Appendix Ten (Larval Host Plants of Lepidoptera of North Central Texas, compiled by JoAnn Karges)"
moths,MYRICACEAE,Myrica cerifera,Myrica,,Catocala muliercula,Catocala muliercula,,,1401,"Diggs, Lipscomb & O'Kennon 1999, Appendix Ten (Larval Host Plants of Lepidoptera of North Central Texas, compiled by JoAnn Karges)"
moths,JUGLANDACEAE,Carya illinoinensis,Carya,LUNA,Actias luna,Actias luna,,,1401,"Diggs, Lipscomb & O'Kennon 1999, Appendix Ten (Larval Host Plants of Lepidoptera of North Central Texas, compiled by JoAnn Karges)"
moths,JUGLANDACEAE,Carya illinoinensis,Carya,UNDERWING,Catocala dejecta,C.dejecta,yes,,1401,"Diggs, Lipscomb & O'Kennon 1999, Appendix Ten (Larval Host Plants of Lepidoptera of North Central Texas, compiled by JoAnn Karges)"
moths,JUGLANDACEAE,Carya illinoinensis,Carya,UNDERWING,Catocala consors,C.consors,yes,,1401,"Diggs, Lipscomb & O'Kennon 1999, Appendix Ten (Larval Host Plants of Lepidoptera of North Central Texas, compiled by JoAnn Karges)"
moths,JUGLANDACEAE,Carya illinoinensis,Carya,UNDERWING,Catocala epione,C.epione,yes,,1401,"Diggs, Lipscomb & O'Kennon 1999, Appendix Ten (Larval Host Plants of Lepidoptera of North Central Texas, compiled by JoAnn Karges)"
moths,JUGLANDACEAE,Carya illinoinensis,Carya,UNDERWING,Catocala agrippina,C.agrippina,yes,,1401,"Diggs, Lipscomb & O'Kennon 1999, Appendix Ten (Larval Host Plants of Lepidoptera of North Central Texas, compiled by JoAnn Karges)"
moths,JUGLANDACEAE,Carya illinoinensis,Carya,UNDERWING,Catocala insolubilis,C.insolubilis,yes,,1401,"Diggs, Lipscomb & O'Kennon 1999, Appendix Ten (Larval Host Plants of Lepidoptera of North Central Texas, compiled by JoAnn Karges)"
moths,JUGLANDACEAE,Carya illinoinensis,Carya,UNDERWING,Catocala lacrymosa,C.lacrymosa,yes,,1401,"Diggs, Lipscomb & O'Kennon 1999, Appendix Ten (Larval Host Plants of Lepidoptera of North Central Texas, compiled by JoAnn Karges)"
moths,JUGLANDACEAE,Carya illinoinensis,Carya,UNDERWING,Catocala maestosa,C.maestosa,yes,,1401,"Diggs, Lipscomb & O'Kennon 1999, Appendix Ten (Larval Host Plants of Lepidoptera of North Central Texas, compiled by JoAnn Karges)"
moths,JUGLANDACEAE,Carya illinoinensis,Carya,UNDERWING,Catocala neogama,C.neogama,yes,,1401,"Diggs, Lipscomb & O'Kennon 1999, Appendix Ten (Larval Host Plants of Lepidoptera of North Central Texas, compiled by JoAnn Karges)"
moths,JUGLANDACEAE,Carya illinoinensis,Carya,UNDERWING,Catocala sappho,C.sappho,yes,,1401,"Diggs, Lipscomb & O'Kennon 1999, Appendix Ten (Larval Host Plants of Lepidoptera of North Central Texas, compiled by JoAnn Karges)"
moths,JUGLANDACEAE,Carya illinoinensis,Carya,UNDERWING,Catocala ulalume,C.ulalume,yes,,1401,"Diggs, Lipscomb & O'Kennon 1999, Appendix Ten (Larval Host Plants of Lepidoptera of North Central Texas, compiled by JoAnn Karges)"
moths,JUGLANDACEAE,Carya illinoinensis,Carya,UNDERWING,Catocala vidua,C.vidua,yes,,1401,"Diggs, Lipscomb & O'Kennon 1999, Appendix Ten (Larval Host Plants of Lepidoptera of North Central Texas, compiled by JoAnn Karges)"
moths,JUGLANDACEAE,Juglans nigra,Juglans,WALNUT SPHINX,Lathoë juglandis,Lathoë juglandis,,,1401,"Diggs, Lipscomb & O'Kennon 1999, Appendix Ten (Larval Host Plants of Lepidoptera of North Central Texas, compiled by JoAnn Karges)"
moths,JUGLANDACEAE,Juglans nigra,Juglans,UNDERWING,Catocala piatrix,C.piatrix,yes,,1401,"Diggs, Lipscomb & O'Kennon 1999, Appendix Ten (Larval Host Plants of Lepidoptera of North Central Texas, compiled by JoAnn Karges)"
moths,JUGLANDACEAE,Juglans nigra,Juglans,UNDERWING,Catocala maestosa,C.maestosa,yes,,1401,"Diggs, Lipscomb & O'Kennon 1999, Appendix Ten (Larval Host Plants of Lepidoptera of North Central Texas, compiled by JoAnn Karges)"
moths,JUGLANDACEAE,Juglans nigra,Juglans,UNDERWING,Catocala neogama,C. neogama,yes,,1401,"Diggs, Lipscomb & O'Kennon 1999, Appendix Ten (Larval Host Plants of Lepidoptera of North Central Texas, compiled by JoAnn Karges)"
moths,JUGLANDACEAE,Juglans nigra,Juglans,UNDERWING,Catocala vidua,C. vidua,yes,,1401,"Diggs, Lipscomb & O'Kennon 1999, Appendix Ten (Larval Host Plants of Lepidoptera of North Central Texas, compiled by JoAnn Karges)"
moths,FAGACEAE,Quercus spp.,Quercus,IMPERIAL,Eacles imperialis,Eacles imperialis,,,1401,"Diggs, Lipscomb & O'Kennon 1999, Appendix Ten (Larval Host Plants of Lepidoptera of North Central Texas, compiled by JoAnn Karges)"
moths,FAGACEAE,Quercus spp.,Quercus,SPINY OAKWORM,Anisota stigma,Anisota stigma,,,1401,"Diggs, Lipscomb & O'Kennon 1999, Appendix Ten (Larval Host Plants of Lepidoptera of North Central Texas, compiled by JoAnn Karges)"
moths,FAGACEAE,Quercus spp.,Quercus,BUCKMOTH,Hemileuca maia,Hemileuca maia,,,1401,"Diggs, Lipscomb & O'Kennon 1999, Appendix Ten (Larval Host Plants of Lepidoptera of North Central Texas, compiled by JoAnn Karges)"
moths,FAGACEAE,Quercus spp.,Quercus,POLYPHEMUS,Antheraea polyphemus,Antheraea polyphemus,,,1401,"Diggs, Lipscomb & O'Kennon 1999, Appendix Ten (Larval Host Plants of Lepidoptera of North Central Texas, compiled by JoAnn Karges)"
moths,FAGACEAE,Quercus spp.,Quercus,WAVED SPHINX,Ceratomia undulosa,Ceratomia undulosa,,,1401,"Diggs, Lipscomb & O'Kennon 1999, Appendix Ten (Larval Host Plants of Lepidoptera of North Central Texas, compiled by JoAnn Karges)"
moths,FAGACEAE,Quercus spp.,Quercus,BLINDED SPHINX,Paonias excaetatus,Paonias excaetatus,,,1401,"Diggs, Lipscomb & O'Kennon 1999, Appendix Ten (Larval Host Plants of Lepidoptera of North Central Texas, compiled by JoAnn Karges)"
moths,FAGACEAE,Quercus spp.,Quercus,UNDERWING,Catocala delilah,C. delilah,yes,,1401,"Diggs, Lipscomb & O'Kennon 1999, Appendix Ten (Larval Host Plants of Lepidoptera of North Central Texas, compiled by JoAnn Karges)"
moths,FAGACEAE,Quercus spp.,Quercus,UNDERWING,Catocala micronympha,C. micronympha,yes,,1401,"Diggs, Lipscomb & O'Kennon 1999, Appendix Ten (Larval Host Plants of Lepidoptera of North Central Texas, compiled by JoAnn Karges)"
moths,FAGACEAE,Quercus spp.,Quercus,UNDERWING,Catocala amica,C. amica,yes,,1401,"Diggs, Lipscomb & O'Kennon 1999, Appendix Ten (Larval Host Plants of Lepidoptera of North Central Texas, compiled by JoAnn Karges)"
moths,FAGACEAE,Quercus spp.,Quercus,UNDERWING,Catocala ilia,C. ilia,yes,,1401,"Diggs, Lipscomb & O'Kennon 1999, Appendix Ten (Larval Host Plants of Lepidoptera of North Central Texas, compiled by JoAnn Karges)"
moths,FAGACEAE,Quercus spp.,Quercus,UNDERWING,Catocala lineela,C. lineela,yes,,1401,"Diggs, Lipscomb & O'Kennon 1999, Appendix Ten (Larval Host Plants of Lepidoptera of North Central Texas, compiled by JoAnn Karges)"
moths,ULMACEAE,Celtis spp.,Celtis,IO,Automeris io,Automeris io,,The following are on both Celtis and Ulmus:,1401,"Diggs, Lipscomb & O'Kennon 1999, Appendix Ten (Larval Host Plants of Lepidoptera of North Central Texas, compiled by JoAnn Karges)"
moths,ULMACEAE,Ulmus spp.,Ulmus,IO,Automeris io,Automeris io,,The following are on both Celtis and Ulmus:,1401,"Diggs, Lipscomb & O'Kennon 1999, Appendix Ten (Larval Host Plants of Lepidoptera of North Central Texas, compiled by JoAnn Karges)"
moths,ULMACEAE,Celtis spp.,Celtis,WAVED SPHINX,Ceratomia undulosa,Ceratomia undulosa,,The following are on both Celtis and Ulmus:,1401,"Diggs, Lipscomb & O'Kennon 1999, Appendix Ten (Larval Host Plants of Lepidoptera of North Central Texas, compiled by JoAnn Karges)"
moths,ULMACEAE,Ulmus spp.,Ulmus,WAVED SPHINX,Ceratomia undulosa,Ceratomia undulosa,,The following are on both Celtis and Ulmus:,1401,"Diggs, Lipscomb & O'Kennon 1999, Appendix Ten (Larval Host Plants of Lepidoptera of North Central Texas, compiled by JoAnn Karges)"
moths,ULMACEAE,Celtis spp.,Celtis,BLINDED SPHINX,Paonias excaetatus,Paonias excaetatus,,The following are on both Celtis and Ulmus:,1401,"Diggs, Lipscomb & O'Kennon 1999, Appendix Ten (Larval Host Plants of Lepidoptera of North Central Texas, compiled by JoAnn Karges)"
moths,ULMACEAE,Ulmus spp.,Ulmus,BLINDED SPHINX,Paonias excaetatus,Paonias excaetatus,,The following are on both Celtis and Ulmus:,1401,"Diggs, Lipscomb & O'Kennon 1999, Appendix Ten (Larval Host Plants of Lepidoptera of North Central Texas, compiled by JoAnn Karges)"
moths,MORACEAE,Maclura pomifera,Maclura,HAGEN’S SPHINX,Ceratomia hageni,Ceratomia hageni,,,1401,"Diggs, Lipscomb & O'Kennon 1999, Appendix Ten (Larval Host Plants of Lepidoptera of North Central Texas, compiled by JoAnn Karges)"
moths,NYCTAGINACEAE,Liquidambar styraciflua,Liquidambar,LUNA MOTH,Actias luna,Actias luna,,,1401,"Diggs, Lipscomb & O'Kennon 1999, Appendix Ten (Larval Host Plants of Lepidoptera of North Central Texas, compiled by JoAnn Karges)"
moths,ROSACEAE,Crataegus spp.,Crataegus,WAVED SPHINX,Ceratomia undulosa,Ceratomia undulosa,,,1401,"Diggs, Lipscomb & O'Kennon 1999, Appendix Ten (Larval Host Plants of Lepidoptera of North Central Texas, compiled by JoAnn Karges)"
moths,ROSACEAE,Crataegus spp.,Crataegus,UNDERWING,Catocala alabamae,C.alabamae,yes,,1401,"Diggs, Lipscomb & O'Kennon 1999, Appendix Ten (Larval Host Plants of Lepidoptera of North Central Texas, compiled by JoAnn Karges)"
moths,ROSACEAE,Crataegus spp.,Crataegus,UNDERWING,Catocala mira,C.mira,yes,,1401,"Diggs, Lipscomb & O'Kennon 1999, Appendix Ten (Larval Host Plants of Lepidoptera of North Central Texas, compiled by JoAnn Karges)"
moths,ROSACEAE,Crataegus spp.,Crataegus,UNDERWING,Catocala texarkana,C.texarkana,yes,,1401,"Diggs, Lipscomb & O'Kennon 1999, Appendix Ten (Larval Host Plants of Lepidoptera of North Central Texas, compiled by JoAnn Karges)"
moths,ROSACEAE,Crataegus spp.,Crataegus,UNDERWING,Catocala titania,C.titania,yes,,1401,"Diggs, Lipscomb & O'Kennon 1999, Appendix Ten (Larval Host Plants of Lepidoptera of North Central Texas, compiled by JoAnn Karges)"
moths,ROSACEAE,Prunus spp.,Prunus,GREAT ASH SPHINX,Sphinx chersis,Sphinx chersis,,,1401,"Diggs, Lipscomb & O'Kennon 1999, Appendix Ten (Larval Host Plants of Lepidoptera of North Central Texas, compiled by JoAnn Karges)"
moths,ROSACEAE,Prunus spp.,Prunus,ONE-EYED SPHINX,Smerinthus cerisyi,Smerinthus cerisyi,,,1401,"Diggs, Lipscomb & O'Kennon 1999, Appendix Ten (Larval Host Plants of Lepidoptera of North Central Texas, compiled by JoAnn Karges)"
moths,ROSACEAE,Prunus spp.,Prunus,BLINDED SPHINX,Paonias excaetatus,Paonias excaetatus,,,1401,"Diggs, Lipscomb & O'Kennon 1999, Appendix Ten (Larval Host Plants of Lepidoptera of North Central Texas, compiled by JoAnn Karges)"
moths,ROSACEAE,Prunus spp.,Prunus,SMALL-EYED SPHINX,Paonias myops,Paonias myops,,,1401,"Diggs, Lipscomb & O'Kennon 1999, Appendix Ten (Larval Host Plants of Lepidoptera of North Central Texas, compiled by JoAnn Karges)"
moths,ROSACEAE,Prunus spp.,Prunus,WALNUT SPHINX,Lathoë juglandis,Lathoë juglandis,,,1401,"Diggs, Lipscomb & O'Kennon 1999, Appendix Ten (Larval Host Plants of Lepidoptera of North Central Texas, compiled by JoAnn Karges)"
moths,ROSACEAE,Prunus spp.,Prunus,WHITE-LINED SPHINX,Hyles lineata,Hyles lineata,,,1401,"Diggs, Lipscomb & O'Kennon 1999, Appendix Ten (Larval Host Plants of Lepidoptera of North Central Texas, compiled by JoAnn Karges)"
moths,ROSACEAE,Prunus spp.,Prunus,APPLE SPHINX,Sphinx gordius,Sphinx gordius,,,1401,"Diggs, Lipscomb & O'Kennon 1999, Appendix Ten (Larval Host Plants of Lepidoptera of North Central Texas, compiled by JoAnn Karges)"
moths,ROSACEAE,Prunus spp.,Prunus,UNDERWING,Catocala ultronia,Catocala ultronia,,,1401,"Diggs, Lipscomb & O'Kennon 1999, Appendix Ten (Larval Host Plants of Lepidoptera of North Central Texas, compiled by JoAnn Karges)"
moths,ROSACEAE,Prunus spp.,Prunus,UNDERWING,Catocala ultronia,Catocala ultronia,,,1401,"Diggs, Lipscomb & O'Kennon 1999, Appendix Ten (Larval Host Plants of Lepidoptera of North Central Texas, compiled by JoAnn Karges)"
moths,FABACEACE,Cercis canadensis,Cercis,IO MOTH,Automeris io,Automeris io,,,1401,"Diggs, Lipscomb & O'Kennon 1999, Appendix Ten (Larval Host Plants of Lepidoptera of North Central Texas, compiled by JoAnn Karges)"
moths,FABACEACE,Gleditsia spp.,Gleditsia,HONEY LOCUST MOTH,Sphingicampa bicolor,Sphingicampa bicolor,,,1401,"Diggs, Lipscomb & O'Kennon 1999, Appendix Ten (Larval Host Plants of Lepidoptera of North Central Texas, compiled by JoAnn Karges)"
moths,FABACEACE,Gleditsia spp.,Gleditsia,UNDERWING,Catocala undulosa,Catocala undulosa,,,1401,"Diggs, Lipscomb & O'Kennon 1999, Appendix Ten (Larval Host Plants of Lepidoptera of North Central Texas, compiled by JoAnn Karges)"
moths,ANACARDIACEAE,Rhus spp.,Rhus,LUNA,Actias luna,Actias luna,,,1401,"Diggs, Lipscomb & O'Kennon 1999, Appendix Ten (Larval Host Plants of Lepidoptera of North Central Texas, compiled by JoAnn Karges)"
moths,AQUIFOLIACEAE,Ilex spp.,Ilex,PAWPAW SPHINX,Dolba hyloeus,Dolba hyloeus,,,1402,"Diggs, Lipscomb & O'Kennon 1999, Appendix Ten (Larval Host Plants of Lepidoptera of North Central Texas, compiled by JoAnn Karges)"
moths,ACERACEAE,Acer negundo,Acer,IMPERIAL,Eackes imperialis,Eackes imperialis,,,1402,"Diggs, Lipscomb & O'Kennon 1999, Appendix Ten (Larval Host Plants of Lepidoptera of North Central Texas, compiled by JoAnn Karges)"
moths,ACERACEAE,Acer negundo,Acer,POLYPHEMUS,Antheraea polyphemus,Antheraea polyphemus,,,1402,"Diggs, Lipscomb & O'Kennon 1999, Appendix Ten (Larval Host Plants of Lepidoptera of North Central Texas, compiled by JoAnn Karges)"
moths,VITACEAE,Parthenocissus spp.,Parthenocissus,HOG SPHINX,Darapsa myron,Darapsa myron,,The following are on all four of these,1402,"Diggs, Lipscomb & O'Kennon 1999, Appendix Ten (Larval Host Plants of Lepidoptera of North Central Texas, compiled by JoAnn Karges)"
moths,VITACEAE,Vitis spp.,Vitis,HOG SPHINX,Darapsa myron,Darapsa myron,,The following are on all four of these,1402,"Diggs, Lipscomb & O'Kennon 1999, Appendix Ten (Larval Host Plants of Lepidoptera of North Central Texas, compiled by JoAnn Karges)"
moths,VITACEAE,Parthenocissus spp.,Parthenocissus,VINE SPHINX,Eumorpha vitis,Eumorpha vitis,,The following are on all four of these,1402,"Diggs, Lipscomb & O'Kennon 1999, Appendix Ten (Larval Host Plants of Lepidoptera of North Central Texas, compiled by JoAnn Karges)"
moths,VITACEAE,Vitis spp.,Vitis,VINE SPHINX,Eumorpha vitis,Eumorpha vitis,,The following are on all four of these,1402,"Diggs, Lipscomb & O'Kennon 1999, Appendix Ten (Larval Host Plants of Lepidoptera of North Central Texas, compiled by JoAnn Karges)"
moths,VITACEAE,Parthenocissus spp.,Parthenocissus,ABBOTT ’S SPHINX,Sphecedina abbottii,Sphecedina abbottii,,The following are on all four of these,1402,"Diggs, Lipscomb & O'Kennon 1999, Appendix Ten (Larval Host Plants of Lepidoptera of North Central Texas, compiled by JoAnn Karges)"
moths,VITACEAE,Vitis spp.,Vitis,ABBOTT ’S SPHINX,Sphecedina abbottii,Sphecedina abbottii,,The following are on all four of these,1402,"Diggs, Lipscomb & O'Kennon 1999, Appendix Ten (Larval Host Plants of Lepidoptera of North Central Texas, compiled by JoAnn Karges)"
moths,VITACEAE,Parthenocissus spp.,Parthenocissus,NESSUS SPHINX,Amphion floridensis,Amphion floridensis,,The following are on all four of these,1402,"Diggs, Lipscomb & O'Kennon 1999, Appendix Ten (Larval Host Plants of Lepidoptera of North Central Texas, compiled by JoAnn Karges)"
moths,VITACEAE,Vitis spp.,Vitis,NESSUS SPHINX,Amphion floridensis,Amphion floridensis,,The following are on all four of these,1402,"Diggs, Lipscomb & O'Kennon 1999, Appendix Ten (Larval Host Plants of Lepidoptera of North Central Texas, compiled by JoAnn Karges)"
moths,VITACEAE,Parthenocissus spp.,Parthenocissus,GAUDY SPHINX,Eumorpha labruscae,Eumorpha labruscae,,The following are on all four of these,1402,"Diggs, Lipscomb & O'Kennon 1999, Appendix Ten (Larval Host Plants of Lepidoptera of North Central Texas, compiled by JoAnn Karges)"
moths,VITACEAE,Vitis spp.,Vitis,GAUDY SPHINX,Eumorpha labruscae,Eumorpha labruscae,,The following are on all four of these,1402,"Diggs, Lipscomb & O'Kennon 1999, Appendix Ten (Larval Host Plants of Lepidoptera of North Central Texas, compiled by JoAnn Karges)"
moths,VITACEAE,Parthenocissus spp.,Parthenocissus,MOURNFUL SPHINX,Enyo lugubris,Enyo lugubris,,The following are on all four of these,1402,"Diggs, Lipscomb & O'Kennon 1999, Appendix Ten (Larval Host Plants of Lepidoptera of North Central Texas, compiled by JoAnn Karges)"
moths,VITACEAE,Vitis spp.,Vitis,MOURNFUL SPHINX,Enyo lugubris,Enyo lugubris,,The following are on all four of these,1402,"Diggs, Lipscomb & O'Kennon 1999, Appendix Ten (Larval Host Plants of Lepidoptera of North Central Texas, compiled by JoAnn Karges)"
moths,VITACEAE,Parthenocissus spp.,Parthenocissus,PANDORA SPHINX,Eumorpha pandorus,Eumorpha pandorus,,The following are on all four of these,1402,"Diggs, Lipscomb & O'Kennon 1999, Appendix Ten (Larval Host Plants of Lepidoptera of North Central Texas, compiled by JoAnn Karges)"
moths,VITACEAE,Vitis spp.,Vitis,PANDORA SPHINX,Eumorpha pandorus,Eumorpha pandorus,,The following are on all four of these,1402,"Diggs, Lipscomb & O'Kennon 1999, Appendix Ten (Larval Host Plants of Lepidoptera of North Central Texas, compiled by JoAnn Karges)"
moths,VITACEAE,Parthenocissus spp.,Parthenocissus,ACHEMON SPHINX,Eumorpha chemon,Eumorpha chemon,,The following are on all four of these,1402,"Diggs, Lipscomb & O'Kennon 1999, Appendix Ten (Larval Host Plants of Lepidoptera of North Central Texas, compiled by JoAnn Karges)"
moths,VITACEAE,Vitis spp.,Vitis,ACHEMON SPHINX,Eumorpha chemon,Eumorpha chemon,,The following are on all four of these,1402,"Diggs, Lipscomb & O'Kennon 1999, Appendix Ten (Larval Host Plants of Lepidoptera of North Central Texas, compiled by JoAnn Karges)"
moths,VITACEAE,Parthenocissus spp.,Parthenocissus,EIGHT-SPOTTED FORESTER,Alypia octomaculata,Alypia octomaculata,,The following are on all four of these,1402,"Diggs, Lipscomb & O'Kennon 1999, Appendix Ten (Larval Host Plants of Lepidoptera of North Central Texas, compiled by JoAnn Karges)"
moths,VITACEAE,Vitis spp.,Vitis,EIGHT-SPOTTED FORESTER,Alypia octomaculata,Alypia octomaculata,,The following are on all four of these,1402,"Diggs, Lipscomb & O'Kennon 1999, Appendix Ten (Larval Host Plants of Lepidoptera of North Central Texas, compiled by JoAnn Karges)"
moths,TILIACEAE,Parthenocissus spp.,Parthenocissus,WAVED SPHINX,Ceratomia undulosa,Ceratomia undulosa,,The following are on all four of these,1402,"Diggs, Lipscomb & O'Kennon 1999, Appendix Ten (Larval Host Plants of Lepidoptera of North Central Texas, compiled by JoAnn Karges)"
moths,TILIACEAE,Vitis spp.,Vitis,WAVED SPHINX,Ceratomia undulosa,Ceratomia undulosa,,The following are on all four of these,1402,"Diggs, Lipscomb & O'Kennon 1999, Appendix Ten (Larval Host Plants of Lepidoptera of North Central Texas, compiled by JoAnn Karges)"
moths,PASSIFLORACEAE,Passiflora spp.,Passiflora,PLEBEIAN SPHINX,Paratraea plebeja,Paratraea plebeja,,,1402,"Diggs, Lipscomb & O'Kennon 1999, Appendix Ten (Larval Host Plants of Lepidoptera of North Central Texas, compiled by JoAnn Karges)"
moths,ONAGRACEAE,Gaura spp.,Gaura,PROUD SPHINX,Proserpina gaurae,Proserpina gaurae,,The following are on both of these,1402,"Diggs, Lipscomb & O'Kennon 1999, Appendix Ten (Larval Host Plants of Lepidoptera of North Central Texas, compiled by JoAnn Karges)"
moths,ONAGRACEAE,Ludwigia spp.,Ludwigia,PROUD SPHINX,Proserpina gaurae,Proserpina gaurae,,The following are on both of these,1402,"Diggs, Lipscomb & O'Kennon 1999, Appendix Ten (Larval Host Plants of Lepidoptera of North Central Texas, compiled by JoAnn Karges)"
moths,ONAGRACEAE,Gaura spp.,Gaura,WHITE-LINED SPHINX,Hyles lineata,Hyles lineata,,The following are on both of these,1402,"Diggs, Lipscomb & O'Kennon 1999, Appendix Ten (Larval Host Plants of Lepidoptera of North Central Texas, compiled by JoAnn Karges)"
moths,ONAGRACEAE,Ludwigia spp.,Ludwigia,WHITE-LINED SPHINX,Hyles lineata,Hyles lineata,,The following are on both of these,1402,"Diggs, Lipscomb & O'Kennon 1999, Appendix Ten (Larval Host Plants of Lepidoptera of North Central Texas, compiled by JoAnn Karges)"
moths,ONAGRACEAE,Gaura spp.,Gaura,BANDED SPHINX,Eumorpha fasciata,Eumorpha fasciata,,The following are on both of these,1402,"Diggs, Lipscomb & O'Kennon 1999, Appendix Ten (Larval Host Plants of Lepidoptera of North Central Texas, compiled by JoAnn Karges)"
moths,ONAGRACEAE,Ludwigia spp.,Ludwigia,BANDED SPHINX,Eumorpha fasciata,Eumorpha fasciata,,The following are on both of these,1402,"Diggs, Lipscomb & O'Kennon 1999, Appendix Ten (Larval Host Plants of Lepidoptera of North Central Texas, compiled by JoAnn Karges)"
moths,CORNACEAE,Cornus spp.,Cornus,CECROPIA,Hyalophora cecropia,Hyalophora cecropia,,,1402,"Diggs, Lipscomb & O'Kennon 1999, Appendix Ten (Larval Host Plants of Lepidoptera of North Central Texas, compiled by JoAnn Karges)"
moths,ERICACEAE,Rhododendron spp.,Rhododendron,AZALEA SPHINX,Darapsa pholus,Darapsa pholus,,,1402,"Diggs, Lipscomb & O'Kennon 1999, Appendix Ten (Larval Host Plants of Lepidoptera of North Central Texas, compiled by JoAnn Karges)"
moths,EBENACEAE,Diospyros texana,Diospyros,LUNA MOTH,Actias luna,Actias luna,,,1402,"Diggs, Lipscomb & O'Kennon 1999, Appendix Ten (Larval Host Plants of Lepidoptera of North Central Texas, compiled by JoAnn Karges)"
moths,OLEACEAE,Fraxinus spp.,Fraxinus,WAVED SPHINX,Ceratomia undulosa,Ceratomia undulosa,,The following are on both of these,1402,"Diggs, Lipscomb & O'Kennon 1999, Appendix Ten (Larval Host Plants of Lepidoptera of North Central Texas, compiled by JoAnn Karges)"
moths,OLEACEAE,Ligustrum spp.,Ligustrum,WAVED SPHINX,Ceratomia undulosa,Ceratomia undulosa,,The following are on both of these,1402,"Diggs, Lipscomb & O'Kennon 1999, Appendix Ten (Larval Host Plants of Lepidoptera of North Central Texas, compiled by JoAnn Karges)"
moths,OLEACEAE,Fraxinus spp.,Fraxinus,GREAT ASH SPHINX,Sphinx chersis,Sphinx chersis,,The following are on both of these,1402,"Diggs, Lipscomb & O'Kennon 1999, Appendix Ten (Larval Host Plants of Lepidoptera of North Central Texas, compiled by JoAnn Karges)"
moths,OLEACEAE,Ligustrum spp.,Ligustrum,GREAT ASH SPHINX,Sphinx chersis,Sphinx chersis,,The following are on both of these,1402,"Diggs, Lipscomb & O'Kennon 1999, Appendix Ten (Larval Host Plants of Lepidoptera of North Central Texas, compiled by JoAnn Karges)"
moths,OLEACEAE,Fraxinus spp.,Fraxinus,T WIN-SPOTTED SPHINX,Sphinx jamaicensis,Sphinx jamaicensis,,The following are on both of these,1402,"Diggs, Lipscomb & O'Kennon 1999, Appendix Ten (Larval Host Plants of Lepidoptera of North Central Texas, compiled by JoAnn Karges)"
moths,OLEACEAE,Ligustrum spp.,Ligustrum,T WIN-SPOTTED SPHINX,Sphinx jamaicensis,Sphinx jamaicensis,,The following are on both of these,1402,"Diggs, Lipscomb & O'Kennon 1999, Appendix Ten (Larval Host Plants of Lepidoptera of North Central Texas, compiled by JoAnn Karges)"
moths,APOCYNACEAE,Apocynum spp.,Apocynum,SNOWBERRY CLEARWING,Hemaris diffinis,Hemaris diffinis,,,1402,"Diggs, Lipscomb & O'Kennon 1999, Appendix Ten (Larval Host Plants of Lepidoptera of North Central Texas, compiled by JoAnn Karges)"
moths,SOLANACEAE,Datura spp.,Datura,PINK-SPOTTED HAWK MOTH,Agrius cingulata,Agrius cingulata,,,1403,"Diggs, Lipscomb & O'Kennon 1999, Appendix Ten (Larval Host Plants of Lepidoptera of North Central Texas, compiled by JoAnn Karges)"
moths,SOLANACEAE,Solanum spp.,Solanum,CAROLINA SPHINX,Manduca sexta,Manduca sexta,,,1403,"Diggs, Lipscomb & O'Kennon 1999, Appendix Ten (Larval Host Plants of Lepidoptera of North Central Texas, compiled by JoAnn Karges)"
moths,SOLANACEAE,Solanum spp.,Solanum,FIVE-SPOTTED HAWK MOTH,Manduca quinquemaculata,Manduca quinquemaculata,,,1403,"Diggs, Lipscomb & O'Kennon 1999, Appendix Ten (Larval Host Plants of Lepidoptera of North Central Texas, compiled by JoAnn Karges)"
moths,SCROPHULARIACEAE,Leucophyllum frutescens,Leucophyllum,GREAT ASH SPHINX,Sphinx chersis,Sphinx chersis,,,1403,"Diggs, Lipscomb & O'Kennon 1999, Appendix Ten (Larval Host Plants of Lepidoptera of North Central Texas, compiled by JoAnn Karges)"
moths,BIGNONIACEAE,Campsis radicans,Campsis,CATALPA SPHINX,Cerestomia catalpe,Cerestomia catalpe,,,1403,"Diggs, Lipscomb & O'Kennon 1999, Appendix Ten (Larval Host Plants of Lepidoptera of North Central Texas, compiled by JoAnn Karges)"
moths,BIGNONIACEAE,Chilopsis linearis,Chilopsis,CATALPA SPHINX,Cerestomia catalpe,Cerestomia catalpe,,,1403,"Diggs, Lipscomb & O'Kennon 1999, Appendix Ten (Larval Host Plants of Lepidoptera of North Central Texas, compiled by JoAnn Karges)"
moths,BIGNONIACEAE,Campsis radicans,Campsis,RUSTIC SPHINX,Manduca rustica,Manduca rustica,,,1403,"Diggs, Lipscomb & O'Kennon 1999, Appendix Ten (Larval Host Plants of Lepidoptera of North Central Texas, compiled by JoAnn Karges)"
moths,BIGNONIACEAE,Chilopsis linearis,Chilopsis,RUSTIC SPHINX,Manduca rustica,Manduca rustica,,,1403,"Diggs, Lipscomb & O'Kennon 1999, Appendix Ten (Larval Host Plants of Lepidoptera of North Central Texas, compiled by JoAnn Karges)"
moths,RUBIACEAE,Cephalanthus occidentalis,Cephalanthus,TERSA SPHINX,Xylophanes tersa,Xylophanes tersa,,,1403,"Diggs, Lipscomb & O'Kennon 1999, Appendix Ten (Larval Host Plants of Lepidoptera of North Central Texas, compiled by JoAnn Karges)"
moths,RUBIACEAE,Cephalanthus occidentalis,Cephalanthus,HYDRANGEA SPHINX,Darapsa versicolor,Darapsa versicolor,,,1403,"Diggs, Lipscomb & O'Kennon 1999, Appendix Ten (Larval Host Plants of Lepidoptera of North Central Texas, compiled by JoAnn Karges)"
moths,CAPRIFOLIACEAE,Symphoricarpos spp.,Symphoricarpos,HUMMINGBIRD CLEARWING,Hemaris thysbe,Hemaris thysbe,,,1403,"Diggs, Lipscomb & O'Kennon 1999, Appendix Ten (Larval Host Plants of Lepidoptera of North Central Texas, compiled by JoAnn Karges)"
moths,CAPRIFOLIACEAE,Viburnum spp.,Viburnum,HUMMINGBIRD CLEARWING,Hemaris thysbe,Hemaris thysbe,,,1403,"Diggs, Lipscomb & O'Kennon 1999, Appendix Ten (Larval Host Plants of Lepidoptera of North Central Texas, compiled by JoAnn Karges)"
moths,CAPRIFOLIACEAE,Symphoricarpos spp.,Symphoricarpos,SNOWBERRY CLEARWING,Hemaris diffinis,Hemaris diffinis,,,1403,"Diggs, Lipscomb & O'Kennon 1999, Appendix Ten (Larval Host Plants of Lepidoptera of North Central Texas, compiled by JoAnn Karges)"
moths,CAPRIFOLIACEAE,Viburnum spp.,Viburnum,SNOWBERRY CLEARWING,Hemaris diffinis,Hemaris diffinis,,,1403,"Diggs, Lipscomb & O'Kennon 1999, Appendix Ten (Larval Host Plants of Lepidoptera of North Central Texas, compiled by JoAnn Karges)"
moths,ASTERACEAE,Conyza spp.,Conyza,LYNX FLOWER MOTH,Schinia lynx,Schinia lynx,,,1403,"Diggs, Lipscomb & O'Kennon 1999, Appendix Ten (Larval Host Plants of Lepidoptera of North Central Texas, compiled by JoAnn Karges)"
moths,ASTERACEAE,Ambrosia spp.,Ambrosia,RAGWEED FLOWER MOTH,Schinia rivulosa,Schinia rivulosa,,,1403,"Diggs, Lipscomb & O'Kennon 1999, Appendix Ten (Larval Host Plants of Lepidoptera of North Central Texas, compiled by JoAnn Karges)"
moths,ASTERACEAE,Aster spp.,Aster,ARCEGUA FLOWER MOTH,Schinia arcigera,Schinia arcigera,,,1403,"Diggs, Lipscomb & O'Kennon 1999, Appendix Ten (Larval Host Plants of Lepidoptera of North Central Texas, compiled by JoAnn Karges)"
